Workbook

Sheet Summary
A1: Dunkerque–Barcelona chain: base-to-base confirmation
A2: Source: Delambre, Base du système métrique décimal, Tome II (1807): Tableau complet des triangles pp. 800–839; Calcul des triangles pp. 701–705. Tome I (1806) Tableau des triangles pp. 513–542 for the original angles.
A4: Constants
A5: Mean degree used by Delambre (toises) | C5: 57020 | D5: “degré moyen de 57020 t”, Tome II p. 706
A6: Sphere radius R (toises) | C6: =C5*180/PI() -> 3267005.3 | D6: Used to turn log sin (sines in toises) into arcs
A7: Metres per toise | C7: =10^0.2898199927 -> 1.9490366 | D7: Delambre’s logarithm constant 0.28981.99927, Tome II p. 839
A8: Toise in pouces / lignes | C8: 72 | D8: 864 | E8: 1 toise = 6 pieds = 72 pouces = 864 lignes
A10: Melun base (Lieursaint–Melun, triangle 43)
B11: log sin | C11: toises | D11: metres
A12: Measured (enters the table) | B12: =Chain!N131 -> 3.7836104 | C12: =$C$6*ASIN(10^B12/$C$6) -> 6075.9001 | D12: =C12*$C$7 -> 11842.152 | E12: Delambre fixed his scale constant so these agree (p. 702); the 0.005 mm residue is rounding in the last logarithm digits.
A13: Carried from Dunkerque through triangles 1–42 | B13: =Chain!O131 -> 3.7836104 | C13: =$C$6*ASIN(10^B13/$C$6) -> 6075.9001 | D13: =C13*$C$7 -> 11842.152
A14: Difference (mm) | D14: =(D13-D12)*1000 -> -0.0054536649
A15: Base length on the measurement pages (arc, p. 44) | C15: 6075.8973 | D15: =C15*$C$7 -> 11842.146 | E15: 2.8 mm shorter than the value used in the triangles (6075.9001). See the Melun reduction workbook.
A17: Perpignan base (Vernet–Salces, triangle 104): the confirmation
B18: log sin | C18: toises | D18: metres | E18: Delambre (p. 703)
A19: Measured | B19: 3.7786031 | C19: =$C$6*ASIN(10^B19/$C$6) -> 6006.2487 | D19: =C19*$C$7 -> 11706.398 | E19: 3.77860.30659
A20: Carried from Melun — original angles (Tome I) | B20: =Chain!S314 -> 3.7785923 | C20: =$C$6*ASIN(10^B20/$C$6) -> 6006.1002 | D20: =C20*$C$7 -> 11706.109 | E20: 3.77859.23288
A21: Carried from Melun — adjusted angles (Tome II) | B21: =Chain!O314 -> 3.7786031 | C21: =$C$6*ASIN(10^B21/$C$6) -> 6006.2485 | D21: =C21*$C$7 -> 11706.398 | E21: “je me trouvai juste à Perpignan”
A22: Carried from Melun — Tome II angles, log sines recomputed from the angles | B22: =Chain!T314 -> 3.7786019 | C22: =$C$6*ASIN(10^B22/$C$6) -> 6006.2328 | D22: =C22*$C$7 -> 11706.368 | E22: (not given)
A24: Confirmation: measured − carried (original angles) | B24: =B19-B20 -> 1.0737943e-05 | C24: =C19-C20 -> 0.148503 | D24: =D19-D20 -> 0.28943778 | E24: Delambre: 0.00001.07371 = 0ᵗ14849 = 10 pouces 8.3 lignes
A25: in pouces | C25: =C24*$C$8 -> 10.692216
A26: in lignes | C26: =C24*$D$8 -> 128.30659
A27: relative to the length of the base (ppm) | C27: =C24/C19*1000000 -> 24.72475
A28: Agreement of my recomputation with Delambre’s 3.77859.23288 (mm) | C28: =(B20-3.7785923288)*LN(10)*C20*$C$7*1000 -> -0.022726121
A30: Effect of the adjustment (adjusted − original angles, toises) | C30: =C21-C20 -> 0.1483481
A31: Effect of the angle/log-sine mismatches in triangles 52–54 (toises) | C31: =C22-C21 -> -0.015706585 | E31: Delambre’s printed log sines for three near-90° angles do not match the printed angles (Source notes). Recomputing them moves Perpignan by this much.
A32: Base length on the measurement pages (arc, p. 55) | C32: 6006.2554 | D32: =C32*$C$7 -> 11706.412 | E32: The value used for the comparison (6006.2487) is 6.8 mm shorter; Delambre trims 0.003–0.005 t for ruler thickness on p. 55.
A34: Checks
A35: Largest |chain − printed| on the main chain (×1e-10, excluding listed source slips) | C35: =MAX(ABS(Chain!P6),ABS(Chain!P7),ABS(Chain!P8),ABS(Chain!P9),ABS(Chain!P11),ABS(Chain!P12),ABS(Chain!P14),ABS(Chain!P15),ABS(Chain!P17),ABS(Chain!P18),ABS(Chain!P20),ABS(Chain!P21),ABS(Chain!P23),ABS(Chain!P25),ABS(Chain!P27),ABS(Chain!P28),ABS(Chain!P29),ABS(Chain!P31),ABS(Chain!P32),ABS(Chain!P33),ABS(Chain!P35),ABS(Chain!P36),ABS(Chain!P38),ABS(Chain!P39),ABS(Chain!P41),ABS(Chain!P42),ABS(Chain!P44),ABS(Chain!P45),ABS(Chain!P47),ABS(Chain!P49),ABS(Chain!P50),ABS(Chain!P52),ABS(Chain!P53),ABS(Chain!P54),ABS(Chain!P56),ABS(Chain!P57),ABS(Chain!P59),ABS(Chain!P60),ABS(Chain!P62),ABS(Chain!P63),ABS(Chain!P65),ABS(Chain!P66),ABS(Chain!P68),ABS(Chain!P69),ABS(Chain!P71),ABS(Chain!P72),ABS(Chain!P74),ABS(Chain!P75),ABS(Chain!P77),ABS(Chain!P78),ABS(Chain!P80),ABS(Chain!P81),ABS(Chain!P83),ABS(Chain!P84),ABS(Chain!P86),ABS(Chain!P87),ABS(Chain!P89),ABS(Chain!P90),ABS(Chain!P92)) -> 3.0000269
A36: (second half of the chain) | C36: =MAX(ABS(Chain!P93),ABS(Chain!P95),ABS(Chain!P96),ABS(Chain!P98),ABS(Chain!P100),ABS(Chain!P101),ABS(Chain!P102),ABS(Chain!P105),ABS(Chain!P106),ABS(Chain!P107),ABS(Chain!P108),ABS(Chain!P110),ABS(Chain!P111),ABS(Chain!P113),ABS(Chain!P114),ABS(Chain!P116),ABS(Chain!P117),ABS(Chain!P119),ABS(Chain!P120),ABS(Chain!P125),ABS(Chain!P126),ABS(Chain!P128),ABS(Chain!P129),ABS(Chain!P131),ABS(Chain!P132),ABS(Chain!P134),ABS(Chain!P135),ABS(Chain!P137),ABS(Chain!P138),ABS(Chain!P140),ABS(Chain!P141),ABS(Chain!P143),ABS(Chain!P144),ABS(Chain!P146),ABS(Chain!P147),ABS(Chain!P149),ABS(Chain!P150),ABS(Chain!P152),ABS(Chain!P153),ABS(Chain!P158),ABS(Chain!P159),ABS(Chain!P161),ABS(Chain!P162),ABS(Chain!P164),ABS(Chain!P165),ABS(Chain!P167),ABS(Chain!P168),ABS(Chain!P170),ABS(Chain!P171),ABS(Chain!P173),ABS(Chain!P174),ABS(Chain!P176),ABS(Chain!P177),ABS(Chain!P185),ABS(Chain!P186),ABS(Chain!P188),ABS(Chain!P189),ABS(Chain!P194),ABS(Chain!P195),ABS(Chain!P197),ABS(Chain!P198),ABS(Chain!P200),ABS(Chain!P201),ABS(Chain!P209),ABS(Chain!P210),ABS(Chain!P212),ABS(Chain!P213),ABS(Chain!P215),ABS(Chain!P216),ABS(Chain!P218),ABS(Chain!P219),ABS(Chain!P221),ABS(Chain!P222),ABS(Chain!P224),ABS(Chain!P225),ABS(Chain!P227),ABS(Chain!P228),ABS(Chain!P230),ABS(Chain!P231),ABS(Chain!P233),ABS(Chain!P234),ABS(Chain!P236),ABS(Chain!P237),ABS(Chain!P239),ABS(Chain!P240),ABS(Chain!P242),ABS(Chain!P243),ABS(Chain!P245),ABS(Chain!P246),ABS(Chain!P248),ABS(Chain!P249),ABS(Chain!P251),ABS(Chain!P252),ABS(Chain!P254),ABS(Chain!P255),ABS(Chain!P257),ABS(Chain!P258),ABS(Chain!P260),ABS(Chain!P261),ABS(Chain!P263),ABS(Chain!P264),ABS(Chain!P266),ABS(Chain!P267),ABS(Chain!P269),ABS(Chain!P270),ABS(Chain!P272),ABS(Chain!P273),ABS(Chain!P275),ABS(Chain!P276),ABS(Chain!P278),ABS(Chain!P279),ABS(Chain!P281),ABS(Chain!P282),ABS(Chain!P284),ABS(Chain!P285),ABS(Chain!P287),ABS(Chain!P288),ABS(Chain!P290),ABS(Chain!P291),ABS(Chain!P293),ABS(Chain!P294),ABS(Chain!P296),ABS(Chain!P297),ABS(Chain!P299),ABS(Chain!P300),ABS(Chain!P302),ABS(Chain!P303),ABS(Chain!P305),ABS(Chain!P306),ABS(Chain!P308),ABS(Chain!P309),ABS(Chain!P311),ABS(Chain!P312),ABS(Chain!P314),ABS(Chain!P315),ABS(Chain!P317),ABS(Chain!P318),ABS(Chain!P320),ABS(Chain!P321),ABS(Chain!P323),ABS(Chain!P324),ABS(Chain!P326),ABS(Chain!P327),ABS(Chain!P329),ABS(Chain!P330),ABS(Chain!P332),ABS(Chain!P333),ABS(Chain!P335),ABS(Chain!P336),ABS(Chain!P338),ABS(Chain!P339),ABS(Chain!P341),ABS(Chain!P342),ABS(Chain!P344),ABS(Chain!P345),ABS(Chain!P347),ABS(Chain!P348)) -> 15.99993
A37: Largest angle-sum error, all triangles (″) | C37: =MAX(ABS(Chain!Y5),ABS(Chain!Y8),ABS(Chain!Y11),ABS(Chain!Y14),ABS(Chain!Y17),ABS(Chain!Y20),ABS(Chain!Y23),ABS(Chain!Y26),ABS(Chain!Y29),ABS(Chain!Y32),ABS(Chain!Y35),ABS(Chain!Y38),ABS(Chain!Y41),ABS(Chain!Y44),ABS(Chain!Y47),ABS(Chain!Y50),ABS(Chain!Y53),ABS(Chain!Y56),ABS(Chain!Y59),ABS(Chain!Y62),ABS(Chain!Y65),ABS(Chain!Y68),ABS(Chain!Y71),ABS(Chain!Y74),ABS(Chain!Y77),ABS(Chain!Y80),ABS(Chain!Y83),ABS(Chain!Y86),ABS(Chain!Y89),ABS(Chain!Y92),ABS(Chain!Y95),ABS(Chain!Y98),ABS(Chain!Y101),ABS(Chain!Y104),ABS(Chain!Y107),ABS(Chain!Y110),ABS(Chain!Y113),ABS(Chain!Y116),ABS(Chain!Y119),ABS(Chain!Y122),ABS(Chain!Y125),ABS(Chain!Y128),ABS(Chain!Y131),ABS(Chain!Y134),ABS(Chain!Y137),ABS(Chain!Y140),ABS(Chain!Y143),ABS(Chain!Y146),ABS(Chain!Y149),ABS(Chain!Y152),ABS(Chain!Y155),ABS(Chain!Y158),ABS(Chain!Y161),ABS(Chain!Y164),ABS(Chain!Y167),ABS(Chain!Y170),ABS(Chain!Y173),ABS(Chain!Y176),ABS(Chain!Y179),ABS(Chain!Y182),ABS(Chain!Y185),ABS(Chain!Y188),ABS(Chain!Y191),ABS(Chain!Y194),ABS(Chain!Y197),ABS(Chain!Y200),ABS(Chain!Y203),ABS(Chain!Y206),ABS(Chain!Y209),ABS(Chain!Y212),ABS(Chain!Y215),ABS(Chain!Y218),ABS(Chain!Y221),ABS(Chain!Y224),ABS(Chain!Y227),ABS(Chain!Y230),ABS(Chain!Y233),ABS(Chain!Y236),ABS(Chain!Y239),ABS(Chain!Y242),ABS(Chain!Y245),ABS(Chain!Y248),ABS(Chain!Y251),ABS(Chain!Y254),ABS(Chain!Y257),ABS(Chain!Y263),ABS(Chain!Y266),ABS(Chain!Y269),ABS(Chain!Y272),ABS(Chain!Y275),ABS(Chain!Y278),ABS(Chain!Y281),ABS(Chain!Y284),ABS(Chain!Y287),ABS(Chain!Y290),ABS(Chain!Y293),ABS(Chain!Y296),ABS(Chain!Y299),ABS(Chain!Y302),ABS(Chain!Y305),ABS(Chain!Y308),ABS(Chain!Y311),ABS(Chain!Y314),ABS(Chain!Y317),ABS(Chain!Y320),ABS(Chain!Y323),ABS(Chain!Y326),ABS(Chain!Y329),ABS(Chain!Y332),ABS(Chain!Y335),ABS(Chain!Y338),ABS(Chain!Y341),ABS(Chain!Y344),ABS(Chain!Y347)) -> 1.4210855e-14 | E37: Triangle 86 excluded: its printed excesses add to 2.48″ against a total of 3.48″ (Source notes).

Sheet Curvature from angles
A1: Radius of curvature from the triangles alone (Theorema Egregium)
A2: Each triangle’s observed angles (Tome I, “angles observés”) add up to 180° + excess, and excess = area / R². Areas come from the measured distances (the chain scaled by the Melun base). No astronomy is used. Only triangles in which all three angles were observed are included.
A4: Triangle | B4: Area (km²) | C4: Observed sum − 180° (″) | D4: Excess (radians) | E4: Expected at fitted R (″) | F4: Residual (″) | H4: Triangles used | I4: =COUNT(A5:A95) -> 91
A5: 1 | B5: 234.593 | C5: 0 | D5: =C5*PI()/180/3600 -> 0 | E5: =B5*1000000/($I$6*1000)^2*180/PI()*3600 -> 1.6827096 | F5: =C5-E5 -> -1.6827096 | H5: Curvature K = Σ(A·ε)/Σ(A²) (1/m²) | I5: =SUMPRODUCT(B5:B95,D5:D95)/1000000/SUMSQ(B5:B95) -> 3.4775149e-14
A6: 3 | B6: 330.635 | C6: 0.77 | D6: =C6*PI()/180/3600 -> 3.7330653e-06 | E6: =B6*1000000/($I$6*1000)^2*180/PI()*3600 -> 2.3716083 | F6: =C6-E6 -> -1.6016083 | H6: Radius R = 1/√K (km) | I6: =1/SQRT(I5)/1000 -> 5362.4777
A7: 6 | B7: 358.939 | C7: 0.72 | D7: =C7*PI()/180/3600 -> 3.4906585e-06 | E7: =B7*1000000/($I$6*1000)^2*180/PI()*3600 -> 2.5746297 | F7: =C7-E7 -> -1.8546297 | H7: Scatter of one triangle’s closure (″) | I7: =SQRT(SUMSQ(F5:F95)/(I4-1)) -> 1.8026566
A8: 11 | B8: 245.759 | C8: 0 | D8: =C8*PI()/180/3600 -> 0 | E8: =B8*1000000/($I$6*1000)^2*180/PI()*3600 -> 1.7628021 | F8: =C8-E8 -> -1.7628021 | H8: 1-σ range of R, low (km) | I8: =1/SQRT(I5+I7*PI()/648000/SQRT(SUMSQ(B5:B95))/1000000)/1000 -> 5156.9806
A9: 12 | B9: 288.517 | C9: 3.62 | D9: =C9*PI()/180/3600 -> 1.7550255e-05 | E9: =B9*1000000/($I$6*1000)^2*180/PI()*3600 -> 2.0695005 | F9: =C9-E9 -> 1.5504995 | H9: 1-σ range of R, high (km) | I9: =1/SQRT(I5-I7*PI()/648000/SQRT(SUMSQ(B5:B95))/1000000)/1000 -> 5594.6767
A10: 13 | B10: 159.356 | C10: -1.32 | D10: =C10*PI()/180/3600 -> -6.3995406e-06 | E10: =B10*1000000/($I$6*1000)^2*180/PI()*3600 -> 1.1430429 | F10: =C10-E10 -> -2.4630429 | H10: Modern mean Earth radius (km) | I10: 6371
A11: 14 | B11: 114.659 | C11: 2.74 | D11: =C11*PI()/180/3600 -> 1.3283895e-05 | E11: =B11*1000000/($I$6*1000)^2*180/PI()*3600 -> 0.82243631 | F11: =C11-E11 -> 1.9175637 | H11: Mean observed excess (″) | I11: =AVERAGE(C5:C95) -> 2.1073626
A12: 17 | B12: 270.131 | C12: 1.34 | D12: =C12*PI()/180/3600 -> 6.4965033e-06 | E12: =B12*1000000/($I$6*1000)^2*180/PI()*3600 -> 1.9376198 | F12: =C12-E12 -> -0.59761976 | H12: Mean excess expected at 6 371 km (″) | I12: =AVERAGE(B5:B95)*1000000/(I10*1000)^2*648000/PI() -> 1.4453516
A13: 18 | B13: 141.452 | C13: 0.9 | D13: =C13*PI()/180/3600 -> 4.3633231e-06 | E13: =B13*1000000/($I$6*1000)^2*180/PI()*3600 -> 1.0146195 | F13: =C13-E13 -> -0.11461954
A14: 19 | B14: 181.063 | C14: -1.44 | D14: =C14*PI()/180/3600 -> -6.981317e-06 | E14: =B14*1000000/($I$6*1000)^2*180/PI()*3600 -> 1.2987449 | F14: =C14-E14 -> -2.7387449 | H14: Why it comes out low: the observed excesses average about 0.66″ more than a 6 371 km sphere predicts, a systematic error of roughly 0.2″ per measured angle (lateral refraction, signal phase, centring). Fitting a constant bias per triangle as well gives 0.29″ of bias and R ≈ 5 700 km (1-σ 5 200–6 300 km).
A15: 20 | B15: 95.607 | C15: 5.18 | D15: =C15*PI()/180/3600 -> 2.5113349e-05 | E15: =B15*1000000/($I$6*1000)^2*180/PI()*3600 -> 0.68577843 | F15: =C15-E15 -> 4.4942216
A16: 21 | B16: 50.979 | C16: 3.92 | D16: =C16*PI()/180/3600 -> 1.9004696e-05 | E16: =B16*1000000/($I$6*1000)^2*180/PI()*3600 -> 0.36566672 | F16: =C16-E16 -> 3.5543333
A17: 23 | B17: 89.787 | C17: -3 | D17: =C17*PI()/180/3600 -> -1.454441e-05 | E17: =B17*1000000/($I$6*1000)^2*180/PI()*3600 -> 0.64403221 | F17: =C17-E17 -> -3.6440322
A18: 24 | B18: 178.63 | C18: -0.23 | D18: =C18*PI()/180/3600 -> -1.1150715e-06 | E18: =B18*1000000/($I$6*1000)^2*180/PI()*3600 -> 1.2812932 | F18: =C18-E18 -> -1.5112932
A19: 25 | B19: 185.728 | C19: -1 | D19: =C19*PI()/180/3600 -> -4.8481368e-06 | E19: =B19*1000000/($I$6*1000)^2*180/PI()*3600 -> 1.3322064 | F19: =C19-E19 -> -2.3322064
A20: 26 | B20: 204.956 | C20: 3.99 | D20: =C20*PI()/180/3600 -> 1.9344066e-05 | E20: =B20*1000000/($I$6*1000)^2*180/PI()*3600 -> 1.4701267 | F20: =C20-E20 -> 2.5198733
A21: 27 | B21: 211.267 | C21: 2.16 | D21: =C21*PI()/180/3600 -> 1.0471976e-05 | E21: =B21*1000000/($I$6*1000)^2*180/PI()*3600 -> 1.5153948 | F21: =C21-E21 -> 0.6446052
A22: 28 | B22: 160.709 | C22: 1.4 | D22: =C22*PI()/180/3600 -> 6.7873915e-06 | E22: =B22*1000000/($I$6*1000)^2*180/PI()*3600 -> 1.1527479 | F22: =C22-E22 -> 0.24725213
A23: 29 | B23: 192.99 | C23: 2.17 | D23: =C23*PI()/180/3600 -> 1.0520457e-05 | E23: =B23*1000000/($I$6*1000)^2*180/PI()*3600 -> 1.3842959 | F23: =C23-E23 -> 0.7857041
A24: 30 | B24: 231.753 | C24: 4.88 | D24: =C24*PI()/180/3600 -> 2.3658908e-05 | E24: =B24*1000000/($I$6*1000)^2*180/PI()*3600 -> 1.6623386 | F24: =C24-E24 -> 3.2176614
A25: 31 | B25: 261.857 | C25: 2.57 | D25: =C25*PI()/180/3600 -> 1.2459712e-05 | E25: =B25*1000000/($I$6*1000)^2*180/PI()*3600 -> 1.8782713 | F25: =C25-E25 -> 0.69172873
A26: 32 | B26: 384.431 | C26: 3.04 | D26: =C26*PI()/180/3600 -> 1.4738336e-05 | E26: =B26*1000000/($I$6*1000)^2*180/PI()*3600 -> 2.757481 | F26: =C26-E26 -> 0.282519
... A95: 115 | B95: 81.441 | C95: 2.37 | D95: =C95*PI()/180/3600 -> 1.1490084e-05 | E95: =B95*1000000/($I$6*1000)^2*180/PI()*3600 -> 0.58416728 | F95: =C95-E95 -> 1.7858327

Sheet Chain
A1: Chaîne des triangles, Dunkerque → Barcelone (Tableau complet, Tome II pp. 800–839)
A2: Blue = transcribed from the scan; black = formula. Each side is carried from its base by the sine rule on the sphere (log sin side = log sin base + log sin opposite angle − log sin base angle), exactly as Delambre did. Column S repeats the chain with the original Tome I angles.
A4: No | B4: Angle at | C4: Opposite side | D4: Deg | E4: Min | F4: Sec (Tome II) | G4: Excess (″) | H4: log sin angle (printed) | I4: log sin angle (used) | J4: log sin angle from angle | K4: angle−log check (×1e-10) | L4: Role | M4: Base taken from triangle | N4: log sin side (printed) | O4: log sin side — chain, Tome II | P4: chain − printed (×1e-10) | Q4: Δ Tome II − Tome I (″) | R4: log sin angle, Tome I | S4: log sin side — chain, Tome I | T4: log sin side — chain, angles recomputed | U4: Arc (toises), from chain | V4: Arc (toises), printed | W4: printed − chain (mm) | X4: Arc (metres) | Y4: Angle sum − 180° − excess (″)
A5: 1 | B5: Dunkerque | C5: Watten – Cassel | D5: 42 | E5: 6 | F5: 9.73 | G5: 0.34 | H5: 9.8263739 | I5: =H5 -> 9.8263739 | J5: =10+LOG10(SIN(RADIANS(D5+E5/60+F5/3600))) -> 9.8263739 | K5: =(I5-J5)*10000000000 -> 1.8120083 | L5: seed | N5: 3.9913641 | O5: =N5 -> 3.9913641 | P5: =IF(N5="","",(O5-N5)*10000000000) -> 0 | Q5: 0 | R5: =I5-COS(RADIANS(D5+E5/60+F5/3600))/SIN(RADIANS(D5+E5/60+F5/3600))*RADIANS(Q5/3600)/LN(10) -> 9.8263739 | S5: =N5 -> 3.9913641 | T5: =N5 -> 3.9913641 | U5: =Summary!$C$6*ASIN(10^O5/Summary!$C$6) -> 9803.1307 | V5: 9803.1307 | W5: =IF(V5="","",(V5-U5)*Summary!$C$7*1000) -> -0.023139657 | X5: =U5*Summary!$C$7 -> 19106.66 | Y5: =(D5+D6+D7-180)*3600+(E5+E6+E7)*60+F5+F6+F7-(G5+G6+G7) -> 4.8849813e-15
A6: 1 | B6: Watten | C6: Dunkerque – Cassel | D6: 74 | E6: 28 | F6: 45.28 | G6: 0.45 | H6: 9.9838669 | I6: =H6 -> 9.9838669 | J6: =10+LOG10(SIN(RADIANS(D6+E6/60+F6/3600))) -> 9.9838669 | K6: =(I6-J6)*10000000000 -> -0.66927797 | L6: seed | N6: 4.1488571 | O6: =N6 -> 4.1488571 | P6: =IF(N6="","",(O6-N6)*10000000000) -> 0 | Q6: 0 | R6: =I6-COS(RADIANS(D6+E6/60+F6/3600))/SIN(RADIANS(D6+E6/60+F6/3600))*RADIANS(Q6/3600)/LN(10) -> 9.9838669 | S6: =N6 -> 4.1488571 | T6: =N6 -> 4.1488571 | U6: =Summary!$C$6*ASIN(10^O6/Summary!$C$6) -> 14088.295 | V6: 14088.294 | W6: =IF(V6="","",(V6-U6)*Summary!$C$7*1000) -> -0.020454007 | X6: =U6*Summary!$C$7 -> 27458.602
A7: 1 | B7: Cassel | C7: Dunkerque – Watten | D7: 63 | E7: 25 | F7: 6.17 | G7: 0.39 | H7: 9.9514822 | I7: =H7 -> 9.9514822 | J7: =10+LOG10(SIN(RADIANS(D7+E7/60+F7/3600))) -> 9.9514822 | K7: =(I7-J7)*10000000000 -> -2.5148061 | L7: seed | N7: 4.1164724 | O7: =N7 -> 4.1164724 | P7: =IF(N7="","",(O7-N7)*10000000000) -> 0 | Q7: 0 | R7: =I7-COS(RADIANS(D7+E7/60+F7/3600))/SIN(RADIANS(D7+E7/60+F7/3600))*RADIANS(Q7/3600)/LN(10) -> 9.9514822 | S7: =N7 -> 4.1164724 | T7: =N7 -> 4.1164724 | U7: =Summary!$C$6*ASIN(10^O7/Summary!$C$6) -> 13075.959 | V7: 13075.959 | W7: =IF(V7="","",(V7-U7)*Summary!$C$7*1000) -> 0.15295599 | X7: =U7*Summary!$C$7 -> 25485.523
A8: 2 | B8: Dunkerque | C8: Watten – Gravelines | D8: 46 | E8: 52 | F8: 0.32 | G8: 0.21 | H8: 9.8631834 | I8: =H8 -> 9.8631834 | J8: =10+LOG10(SIN(RADIANS(D8+E8/60+F8/3600))) -> 9.8631834 | K8: =(I8-J8)*10000000000 -> 0.20623503 | L8: computed | N8: 3.9800462 | O8: =O10+I8-I10 -> 3.9800462 | P8: =IF(N8="","",(O8-N8)*10000000000) -> 0 | Q8: 0 | R8: =I8-COS(RADIANS(D8+E8/60+F8/3600))/SIN(RADIANS(D8+E8/60+F8/3600))*RADIANS(Q8/3600)/LN(10) -> 9.8631834 | S8: =S10+R8-R10 -> 3.9800462 | T8: =T10+J8-J10 -> 3.9800462 | U8: =Summary!$C$6*ASIN(10^O8/Summary!$C$6) -> 9550.9556 | V8: 9550.9556 | W8: =IF(V8="","",(V8-U8)*Summary!$C$7*1000) -> 0.06081646 | X8: =U8*Summary!$C$7 -> 18615.162 | Y8: =(D8+D9+D10-180)*3600+(E8+E9+E10)*60+F8+F9+F10-(G8+G9+G10) -> 0
A9: 2 | B9: Watten | C9: Dunkerque – Gravelines | D9: 45 | E9: 33 | F9: 44.65 | G9: 0.23 | H9: 9.8537064 | I9: =H9 -> 9.8537064 | J9: =10+LOG10(SIN(RADIANS(D9+E9/60+F9/3600))) -> 9.8537064 | K9: =(I9-J9)*10000000000 -> -3.2800251 | L9: computed | N9: 3.9705691 | O9: =O10+I9-I10 -> 3.9705691 | P9: =IF(N9="","",(O9-N9)*10000000000) -> 0 | Q9: 0 | R9: =I9-COS(RADIANS(D9+E9/60+F9/3600))/SIN(RADIANS(D9+E9/60+F9/3600))*RADIANS(Q9/3600)/LN(10) -> 9.8537064 | S9: =S10+R9-R10 -> 3.9705691 | T9: =T10+J9-J10 -> 3.9705691 | U9: =Summary!$C$6*ASIN(10^O9/Summary!$C$6) -> 9344.7937 | V9: 9344.7937 | W9: =IF(V9="","",(V9-U9)*Summary!$C$7*1000) -> -0.019790516 | X9: =U9*Summary!$C$7 -> 18213.345
A10: 2 | B10: Gravelines | C10: Dunkerque – Watten | D10: 87 | E10: 34 | F10: 15.89 | G10: 0.42 | H10: 9.9996096 | I10: =H10 -> 9.9996096 | J10: =10+LOG10(SIN(RADIANS(D10+E10/60+F10/3600))) -> 9.9996096 | K10: =(I10-J10)*10000000000 -> -2.2037305 | L10: base | M10: 1 | O10: =O7 -> 4.1164724 | Q10: 0 | R10: =I10-COS(RADIANS(D10+E10/60+F10/3600))/SIN(RADIANS(D10+E10/60+F10/3600))*RADIANS(Q10/3600)/LN(10) -> 9.9996096 | S10: =S7 -> 4.1164724 | T10: =T7 -> 4.1164724
A11: 3 | B11: Watten | C11: Cassel – Fiefs | D11: 69 | E11: 34 | F11: 45.38 | G11: 0.54 | H11: 9.9718118 | I11: =H11 -> 9.9718118 | J11: =10+LOG10(SIN(RADIANS(D11+E11/60+F11/3600))) -> 9.9718118 | K11: =(I11-J11)*10000000000 -> -1.8042989 | L11: computed | N11: 4.2562771 | O11: =O13+I11-I13 -> 4.2562771 | P11: =IF(N11="","",(O11-N11)*10000000000) -> -0.9999912 | Q11: 0 | R11: =I11-COS(RADIANS(D11+E11/60+F11/3600))/SIN(RADIANS(D11+E11/60+F11/3600))*RADIANS(Q11/3600)/LN(10) -> 9.9718118 | S11: =S13+R11-R13 -> 4.2562771 | T11: =T13+J11-J13 -> 4.2562771 | U11: =Summary!$C$6*ASIN(10^O11/Summary!$C$6) -> 18041.777 | V11: 18041.777 | W11: =IF(V11="","",(V11-U11)*Summary!$C$7*1000) -> 0.049674413 | X11: =U11*Summary!$C$7 -> 35164.084 | Y11: =(D11+D12+D13-180)*3600+(E11+E12+E13)*60+F11+F12+F13-(G11+G12+G13) -> 0
A12: 3 | B12: Cassel | C12: Watten – Fiefs | D12: 79 | E12: 48 | F12: 35.35 | G12: 0.68 | H12: 9.9930948 | I12: =H12 -> 9.9930948 | J12: =10+LOG10(SIN(RADIANS(D12+E12/60+F12/3600))) -> 9.9930948 | K12: =(I12-J12)*10000000000 -> -2.4196645 | L12: computed | N12: 4.2775601 | O12: =O13+I12-I13 -> 4.2775601 | P12: =IF(N12="","",(O12-N12)*10000000000) -> -0.9999912 | Q12: 0 | R12: =I12-COS(RADIANS(D12+E12/60+F12/3600))/SIN(RADIANS(D12+E12/60+F12/3600))*RADIANS(Q12/3600)/LN(10) -> 9.9930948 | S12: =S13+R12-R13 -> 4.2775601 | T12: =T13+J12-J13 -> 4.2775601 | U12: =Summary!$C$6*ASIN(10^O12/Summary!$C$6) -> 18947.964 | V12: 18947.964 | W12: =IF(V12="","",(V12-U12)*Summary!$C$7*1000) -> 0.074099152 | X12: =U12*Summary!$C$7 -> 36930.275
A13: 3 | B13: Fiefs | C13: Watten – Cassel | D13: 30 | E13: 36 | F13: 40.94 | G13: 0.45 | H13: 9.7068988 | I13: =H13 -> 9.7068988 | J13: =10+LOG10(SIN(RADIANS(D13+E13/60+F13/3600))) -> 9.7068988 | K13: =(I13-J13)*10000000000 -> -0.43376858 | L13: base | M13: 1 | O13: =O5 -> 3.9913641 | Q13: 0 | R13: =I13-COS(RADIANS(D13+E13/60+F13/3600))/SIN(RADIANS(D13+E13/60+F13/3600))*RADIANS(Q13/3600)/LN(10) -> 9.7068988 | S13: =S5 -> 3.9913641 | T13: =T5 -> 3.9913641
A14: 4 | B14: Watten | C14: Cassel – Helfaut | D14: 74 | E14: 39 | F14: 23.2 | G14: 0.28 | H14: 9.9842376 | I14: =H14 -> 9.9842376 | J14: =10+LOG10(SIN(RADIANS(D14+E14/60+F14/3600))) -> 9.9842376 | K14: =(I14-J14)*10000000000 -> -0.045154991 | L14: computed | N14: 4.0308136 | O14: =O16+I14-I16 -> 4.0308136 | P14: =IF(N14="","",(O14-N14)*10000000000) -> 0 | Q14: 0 | R14: =I14-COS(RADIANS(D14+E14/60+F14/3600))/SIN(RADIANS(D14+E14/60+F14/3600))*RADIANS(Q14/3600)/LN(10) -> 9.9842376 | S14: =S16+R14-R16 -> 4.0308136 | T14: =T16+J14-J16 -> 4.0308136 | U14: =Summary!$C$6*ASIN(10^O14/Summary!$C$6) -> 10735.304 | V14: 10735.304 | W14: =IF(V14="","",(V14-U14)*Summary!$C$7*1000) -> 0.0042676164 | X14: =U14*Summary!$C$7 -> 20923.501 | Y14: =(D14+D15+D16-180)*3600+(E14+E15+E16)*60+F14+F15+F16-(G14+G15+G16) -> 0
A15: 4 | B15: Cassel | C15: Watten – Helfaut | D15: 43 | E15: 37 | F15: 35.73 | G15: 0.21 | H15: 9.8388211 | I15: =H15 -> 9.8388211 | J15: =10+LOG10(SIN(RADIANS(D15+E15/60+F15/3600))) -> 9.8388211 | K15: =(I15-J15)*10000000000 -> -3.8373038 | L15: computed | N15: 3.8853971 | O15: =O16+I15-I16 -> 3.8853971 | P15: =IF(N15="","",(O15-N15)*10000000000) -> 1.0000045 | Q15: 0 | R15: =I15-COS(RADIANS(D15+E15/60+F15/3600))/SIN(RADIANS(D15+E15/60+F15/3600))*RADIANS(Q15/3600)/LN(10) -> 9.8388211 | S15: =S16+R15-R16 -> 3.8853971 | T15: =T16+J15-J16 -> 3.8853971 | U15: =Summary!$C$6*ASIN(10^O15/Summary!$C$6) -> 7680.6409 | V15: 7680.6409 | W15: =IF(V15="","",(V15-U15)*Summary!$C$7*1000) -> 0.05711958 | X15: =U15*Summary!$C$7 -> 14969.85
A16: 4 | B16: Helfaut | C16: Watten – Cassel | D16: 61 | E16: 43 | F16: 1.78 | G16: 0.22 | H16: 9.9447882 | I16: =H16 -> 9.9447882 | J16: =10+LOG10(SIN(RADIANS(D16+E16/60+F16/3600))) -> 9.9447882 | K16: =(I16-J16)*10000000000 -> -0.72578388 | L16: base | M16: 1 | O16: =O5 -> 3.9913641 | Q16: 0 | R16: =I16-COS(RADIANS(D16+E16/60+F16/3600))/SIN(RADIANS(D16+E16/60+F16/3600))*RADIANS(Q16/3600)/LN(10) -> 9.9447882 | S16: =S5 -> 3.9913641 | T16: =T5 -> 3.9913641
A17: 5 | B17: Cassel | C17: Fiefs – Helfaut | D17: 36 | E17: 10 | F17: 59 | G17: 0.11 | H17: 9.7711221 | I17: =H17 -> 9.7711221 | J17: =10+LOG10(SIN(RADIANS(D17+E17/60+F17/3600))) -> 9.7711221 | K17: =(I17-J17)*10000000000 -> -1.5537793 | L17: computed | N17: 4.0537636 | O17: =O19+I17-I19 -> 4.0537636 | P17: =IF(N17="","",(O17-N17)*10000000000) -> -0.99998232 | Q17: 0 | R17: =I17-COS(RADIANS(D17+E17/60+F17/3600))/SIN(RADIANS(D17+E17/60+F17/3600))*RADIANS(Q17/3600)/LN(10) -> 9.7711221 | S17: =S19+R17-R19 -> 4.0537636 | T17: =T19+J17-J19 -> 4.0537636 | U17: =Summary!$C$6*ASIN(10^O17/Summary!$C$6) -> 11317.864 | V17: 11317.864 | W17: =IF(V17="","",(V17-U17)*Summary!$C$7*1000) -> 0.0076778502 | X17: =U17*Summary!$C$7 -> 22058.931 | Y17: =(D17+D18+D19-180)*3600+(E17+E18+E19)*60+F17+F18+F19-(G17+G18+G19) -> 0
A18: 5 | B18: Fiefs | C18: Cassel – Helfaut | D18: 34 | E18: 3 | F18: 15.47 | G18: 0.12 | H18: 9.7481712 | I18: =H18 -> 9.7481712 | J18: =10+LOG10(SIN(RADIANS(D18+E18/60+F18/3600))) -> 9.7481712 | K18: =(I18-J18)*10000000000 -> -4.2879478 | L18: computed | N18: 4.0308127 | O18: =O19+I18-I19 -> 4.0308127 | P18: =IF(N18="","",(O18-N18)*10000000000) -> -0.9999912 | Q18: 0 | R18: =I18-COS(RADIANS(D18+E18/60+F18/3600))/SIN(RADIANS(D18+E18/60+F18/3600))*RADIANS(Q18/3600)/LN(10) -> 9.7481712 | S18: =S19+R18-R19 -> 4.0308127 | T18: =T19+J18-J19 -> 4.0308127 | U18: =Summary!$C$6*ASIN(10^O18/Summary!$C$6) -> 10735.283 | V18: 10735.283 | W18: =IF(V18="","",(V18-U18)*Summary!$C$7*1000) -> -0.0033174432 | X18: =U18*Summary!$C$7 -> 20923.46
A19: 5 | B19: Helfaut | C19: Cassel – Fiefs | D19: 109 | E19: 45 | F19: 46.64 | G19: 0.88 | H19: 9.9736356 | I19: =H19 -> 9.9736356 | J19: =10+LOG10(SIN(RADIANS(D19+E19/60+F19/3600))) -> 9.9736356 | K19: =(I19-J19)*10000000000 -> -1.2727774 | L19: base | M19: 3 | O19: =O11 -> 4.2562771 | Q19: 0 | R19: =I19-COS(RADIANS(D19+E19/60+F19/3600))/SIN(RADIANS(D19+E19/60+F19/3600))*RADIANS(Q19/3600)/LN(10) -> 9.9736356 | S19: =S11 -> 4.2562771 | T19: =T11 -> 4.2562771
A20: 6 | B20: Cassel | C20: Fiefs – Mesnil | D20: 29 | E20: 50 | F20: 27.95 | G20: 0.41 | H20: 9.6968771 | I20: =H20 -> 9.6968771 | J20: =10+LOG10(SIN(RADIANS(D20+E20/60+F20/3600))) -> 9.6968771 | K20: =(I20-J20)*10000000000 -> -3.0741276 | L20: computed | N20: 4.0202222 | O20: =O22+I20-I22 -> 4.0202222 | P20: =IF(N20="","",(O20-N20)*10000000000) -> -0.9999912 | Q20: 0 | R20: =I20-COS(RADIANS(D20+E20/60+F20/3600))/SIN(RADIANS(D20+E20/60+F20/3600))*RADIANS(Q20/3600)/LN(10) -> 9.6968771 | S20: =S22+R20-R22 -> 4.0202222 | T20: =T22+J20-J22 -> 4.0202222 | U20: =Summary!$C$6*ASIN(10^O20/Summary!$C$6) -> 10476.663 | V20: 10476.663 | W20: =IF(V20="","",(V20-U20)*Summary!$C$7*1000) -> 0.015915712 | X20: =U20*Summary!$C$7 -> 20419.4 | Y20: =(D20+D21+D22-180)*3600+(E20+E21+E22)*60+F20+F21+F22-(G20+G21+G22) -> 0
A21: 6 | B21: Fiefs | C21: Cassel – Mesnil | D21: 91 | E21: 11 | F21: 19.4 | G21: 0.93 | H21: 9.9999065 | I21: =H21 -> 9.9999065 | J21: =10+LOG10(SIN(RADIANS(D21+E21/60+F21/3600))) -> 9.9999065 | K21: =(I21-J21)*10000000000 -> -0.16401103 | L21: computed | N21: 4.3232516 | O21: =O22+I21-I22 -> 4.3232516 | P21: =IF(N21="","",(O21-N21)*10000000000) -> -0.9999912 | Q21: 0 | R21: =I21-COS(RADIANS(D21+E21/60+F21/3600))/SIN(RADIANS(D21+E21/60+F21/3600))*RADIANS(Q21/3600)/LN(10) -> 9.9999065 | S21: =S22+R21-R22 -> 4.3232516 | T21: =T22+J21-J22 -> 4.3232516 | U21: =Summary!$C$6*ASIN(10^O21/Summary!$C$6) -> 21050.124 | V21: 21050.124 | W21: =IF(V21="","",(V21-U21)*Summary!$C$7*1000) -> -0.032079537 | X21: =U21*Summary!$C$7 -> 41027.462
A22: 6 | B22: Mesnil | C22: Cassel – Fiefs | D22: 58 | E22: 58 | F22: 14.45 | G22: 0.46 | H22: 9.932932 | I22: =H22 -> 9.932932 | J22: =10+LOG10(SIN(RADIANS(D22+E22/60+F22/3600))) -> 9.932932 | K22: =(I22-J22)*10000000000 -> -1.8863311 | L22: base | M22: 3 | O22: =O11 -> 4.2562771 | Q22: 0 | R22: =I22-COS(RADIANS(D22+E22/60+F22/3600))/SIN(RADIANS(D22+E22/60+F22/3600))*RADIANS(Q22/3600)/LN(10) -> 9.932932 | S22: =S11 -> 4.2562771 | T22: =T11 -> 4.2562771
A23: 7 | B23: Cassel | C23: Béthune – Fiefs | D23: 39 | E23: 42 | F23: 10.51 | G23: 0.51 | H23: 9.8053697 | I23: =H23 -> 9.8053697 | J23: =10+LOG10(SIN(RADIANS(D23+E23/60+F23/3600))) -> 9.8053697 | K23: =(I23-J23)*10000000000 -> -0.69901418 | L23: computed | N23: 4.0702055 | O23: =O24+I23-I24 -> 4.0702055 | P23: =IF(N23="","",(O23-N23)*10000000000) -> -1.0000001 | Q23: 0 | R23: =I23-COS(RADIANS(D23+E23/60+F23/3600))/SIN(RADIANS(D23+E23/60+F23/3600))*RADIANS(Q23/3600)/LN(10) -> 9.8053697 | S23: =S24+R23-R24 -> 4.0702055 | T23: =T24+J23-J24 -> 4.0702055 | U23: =Summary!$C$6*ASIN(10^O23/Summary!$C$6) -> 11754.561 | V23: 11754.561 | W23: =IF(V23="","",(V23-U23)*Summary!$C$7*1000) -> -0.018000598 | X23: =U23*Summary!$C$7 -> 22910.07 | Y23: =(D23+D24+D25-180)*3600+(E23+E24+E25)*60+F23+F24+F25-(G23+G24+G25) -> 0
A24: 7 | B24: Béthune | C24: Cassel – Fiefs | D24: 78 | E24: 39 | F24: 44.58 | G24: 0.73 | H24: 9.9914413 | I24: =H24 -> 9.9914413 | J24: =10+LOG10(SIN(RADIANS(D24+E24/60+F24/3600))) -> 9.9914413 | K24: =(I24-J24)*10000000000 -> -1.1478996 | L24: base | M24: 3 | O24: =O11 -> 4.2562771 | Q24: 0 | R24: =I24-COS(RADIANS(D24+E24/60+F24/3600))/SIN(RADIANS(D24+E24/60+F24/3600))*RADIANS(Q24/3600)/LN(10) -> 9.9914413 | S24: =S11 -> 4.2562771 | T24: =T11 -> 4.2562771
A25: 7 | B25: Fiefs | C25: Cassel – Béthune | D25: 61 | E25: 38 | F25: 6.71 | G25: 0.56 | H25: 9.9444533 | I25: =H25 -> 9.9444533 | J25: =10+LOG10(SIN(RADIANS(D25+E25/60+F25/3600))) -> 9.9444533 | K25: =(I25-J25)*10000000000 -> -2.4562929 | L25: computed | N25: 4.2092892 | O25: =O24+I25-I24 -> 4.2092892 | P25: =IF(N25="","",(O25-N25)*10000000000) -> -1.0000001 | Q25: 0 | R25: =I25-COS(RADIANS(D25+E25/60+F25/3600))/SIN(RADIANS(D25+E25/60+F25/3600))*RADIANS(Q25/3600)/LN(10) -> 9.9444533 | S25: =S24+R25-R24 -> 4.2092892 | T25: =T24+J25-J24 -> 4.2092892 | U25: =Summary!$C$6*ASIN(10^O25/Summary!$C$6) -> 16191.643 | V25: 16191.643 | W25: =IF(V25="","",(V25-U25)*Summary!$C$7*1000) -> -0.0090915471 | X25: =U25*Summary!$C$7 -> 31558.105
A26: 8 | B26: Béthune | C26: Mesnil – Fiefs | D26: 62 | E26: 55 | F26: 40.04 | G26: 0.16 | H26: 9.9496016 | I26: =H26 -> 9.9496016 | J26: =10+LOG10(SIN(RADIANS(D26+E26/60+F26/3600))) -> 9.9496016 | K26: =(I26-J26)*10000000000 -> -1.8746071 | L26: base | M26: 6 | O26: =O20 -> 4.0202222 | Q26: 0 | R26: =I26-COS(RADIANS(D26+E26/60+F26/3600))/SIN(RADIANS(D26+E26/60+F26/3600))*RADIANS(Q26/3600)/LN(10) -> 9.9496016 | S26: =S20 -> 4.0202222 | T26: =T20 -> 4.0202222 | Y26: =(D26+D27+D28-180)*3600+(E26+E27+E28)*60+F26+F27+F28-(G26+G27+G28) -> 0
A27: 8 | B27: Mesnil | C27: Béthune – Fiefs | D27: 87 | E27: 31 | F27: 2.11 | G27: 0.27 | H27: 9.9995921 | I27: =H27 -> 9.9995921 | J27: =10+LOG10(SIN(RADIANS(D27+E27/60+F27/3600))) -> 9.9995921 | K27: =(I27-J27)*10000000000 -> -1.3071144 | L27: computed | N27: 4.0702128 | O27: =O26+I27-I26 -> 4.0702128 | P27: =IF(N27="","",(O27-N27)*10000000000) -> -0.99998232 | Q27: 0 | R27: =I27-COS(RADIANS(D27+E27/60+F27/3600))/SIN(RADIANS(D27+E27/60+F27/3600))*RADIANS(Q27/3600)/LN(10) -> 9.9995921 | S27: =S26+R27-R26 -> 4.0702128 | T27: =T26+J27-J26 -> 4.0702128 | U27: =Summary!$C$6*ASIN(10^O27/Summary!$C$6) -> 11754.76 | V27: 11754.76 | W27: =IF(V27="","",(V27-U27)*Summary!$C$7*1000) -> -0.02017415 | X27: =U27*Summary!$C$7 -> 22910.457
A28: 8 | B28: Fiefs | C28: Béthune – Mesnil | D28: 29 | E28: 33 | F28: 18.44 | G28: 0.16 | H28: 9.6930765 | I28: =H28 -> 9.6930765 | J28: =10+LOG10(SIN(RADIANS(D28+E28/60+F28/3600))) -> 9.6930765 | K28: =(I28-J28)*10000000000 -> -3.7530867 | L28: computed | N28: 3.7636972 | O28: =O26+I28-I26 -> 3.7636972 | P28: =IF(N28="","",(O28-N28)*10000000000) -> 0 | Q28: 0 | R28: =I28-COS(RADIANS(D28+E28/60+F28/3600))/SIN(RADIANS(D28+E28/60+F28/3600))*RADIANS(Q28/3600)/LN(10) -> 9.6930765 | S28: =S26+R28-R26 -> 3.7636972 | T28: =T26+J28-J26 -> 3.7636972 | U28: =Summary!$C$6*ASIN(10^O28/Summary!$C$6) -> 5803.599 | V28: 5803.599 | W28: =IF(V28="","",(V28-U28)*Summary!$C$7*1000) -> 0.06989966 | X28: =U28*Summary!$C$7 -> 11311.427
A29: 9 | B29: Cassel | C29: Béthune – Helfaut | D29: 75 | E29: 53 | F29: 9.51 | G29: 0.64 | H29: 9.9866877 | I29: =H29 -> 9.9866877 | J29: =10+LOG10(SIN(RADIANS(D29+E29/60+F29/3600))) -> 9.9866877 | K29: =(I29-J29)*10000000000 -> 0.040891734 | L29: computed | N29: 4.2331671 | O29: =O30+I29-I30 -> 4.2331671 | P29: =IF(N29="","",(O29-N29)*10000000000) -> 0 | Q29: 0 | R29: =I29-COS(RADIANS(D29+E29/60+F29/3600))/SIN(RADIANS(D29+E29/60+F29/3600))*RADIANS(Q29/3600)/LN(10) -> 9.9866877 | S29: =S30+R29-R30 -> 4.2331671 | T29: =T30+J29-J30 -> 4.2331671 | U29: =Summary!$C$6*ASIN(10^O29/Summary!$C$6) -> 17106.811 | V29: 17106.811 | W29: =IF(V29="","",(V29-U29)*Summary!$C$7*1000) -> 0.085266753 | X29: =U29*Summary!$C$7 -> 33341.8 | Y29: =(D29+D30+D31-180)*3600+(E29+E30+E31)*60+F29+F30+F31-(G29+G30+G31) -> 0
A30: 9 | B30: Béthune | C30: Cassel – Helfaut | D30: 37 | E30: 29 | F30: 18.86 | G30: 0.45 | H30: 9.7843342 | I30: =H30 -> 9.7843342 | J30: =10+LOG10(SIN(RADIANS(D30+E30/60+F30/3600))) -> 9.7843342 | K30: =(I30-J30)*10000000000 -> -1.6098234 | L30: base | M30: 4 | O30: =O14 -> 4.0308136 | Q30: 0 | R30: =I30-COS(RADIANS(D30+E30/60+F30/3600))/SIN(RADIANS(D30+E30/60+F30/3600))*RADIANS(Q30/3600)/LN(10) -> 9.7843342 | S30: =S14 -> 4.0308136 | T30: =T14 -> 4.0308136
A31: 9 | B31: Helfaut | C31: Cassel – Béthune | D31: 66 | E31: 37 | F31: 33.27 | G31: 0.55 | H31: 9.9628115 | I31: =H31 -> 9.9628115 | J31: =10+LOG10(SIN(RADIANS(D31+E31/60+F31/3600))) -> 9.9628115 | K31: =(I31-J31)*10000000000 -> -0.90034646 | L31: computed | N31: 4.2092909 | O31: =O30+I31-I30 -> 4.2092909 | P31: =IF(N31="","",(O31-N31)*10000000000) -> 0 | Q31: 0 | R31: =I31-COS(RADIANS(D31+E31/60+F31/3600))/SIN(RADIANS(D31+E31/60+F31/3600))*RADIANS(Q31/3600)/LN(10) -> 9.9628115 | S31: =S30+R31-R30 -> 4.2092909 | T31: =T30+J31-J30 -> 4.2092909 | U31: =Summary!$C$6*ASIN(10^O31/Summary!$C$6) -> 16191.707 | V31: 16191.707 | W31: =IF(V31="","",(V31-U31)*Summary!$C$7*1000) -> 0.035755561 | X31: =U31*Summary!$C$7 -> 31558.23
A32: 10 | B32: Helfaut | C32: Béthune – Fiefs | D32: 43 | E32: 8 | F32: 13.37 | G32: 0.28 | H32: 9.8348946 | I32: =H32 -> 9.8348946 | J32: =10+LOG10(SIN(RADIANS(D32+E32/60+F32/3600))) -> 9.8348946 | K32: =(I32-J32)*10000000000 -> -3.0413894 | L32: computed | N32: 4.0702065 | O32: =O34+I32-I34 -> 4.0702065 | P32: =IF(N32="","",(O32-N32)*10000000000) -> 1.0000001 | Q32: 0 | R32: =I32-COS(RADIANS(D32+E32/60+F32/3600))/SIN(RADIANS(D32+E32/60+F32/3600))*RADIANS(Q32/3600)/LN(10) -> 9.8348946 | S32: =S34+R32-R34 -> 4.0702065 | T32: =T34+J32-J34 -> 4.0702065 | U32: =Summary!$C$6*ASIN(10^O32/Summary!$C$6) -> 11754.588 | V32: 11754.588 | W32: =IF(V32="","",(V32-U32)*Summary!$C$7*1000) -> 0.100126 | X32: =U32*Summary!$C$7 -> 22910.123 | Y32: =(D32+D33+D34-180)*3600+(E32+E33+E34)*60+F32+F33+F34-(G32+G33+G34) -> 0
A33: 10 | B33: Béthune | C33: Helfaut – Fiefs | D33: 41 | E33: 10 | F33: 25.44 | G33: 0.26 | H33: 9.8184532 | I33: =H33 -> 9.8184532 | J33: =10+LOG10(SIN(RADIANS(D33+E33/60+F33/3600))) -> 9.8184532 | K33: =(I33-J33)*10000000000 -> -3.2303227 | L33: computed | N33: 4.053765 | O33: =O34+I33-I34 -> 4.053765 | P33: =IF(N33="","",(O33-N33)*10000000000) -> 0 | Q33: 0 | R33: =I33-COS(RADIANS(D33+E33/60+F33/3600))/SIN(RADIANS(D33+E33/60+F33/3600))*RADIANS(Q33/3600)/LN(10) -> 9.8184532 | S33: =S34+R33-R34 -> 4.053765 | T33: =T34+J33-J34 -> 4.053765 | U33: =Summary!$C$6*ASIN(10^O33/Summary!$C$6) -> 11317.901 | V33: 11317.901 | W33: =IF(V33="","",(V33-U33)*Summary!$C$7*1000) -> 0.074854572 | X33: =U33*Summary!$C$7 -> 22059.004
A34: 10 | B34: Fiefs | C34: Helfaut – Béthune | D34: 95 | E34: 41 | F34: 22.48 | G34: 0.75 | H34: 9.9978552 | I34: =H34 -> 9.9978552 | J34: =10+LOG10(SIN(RADIANS(D34+E34/60+F34/3600))) -> 9.9978552 | K34: =(I34-J34)*10000000000 -> -1.7042012 | L34: base | M34: 9 | O34: =O29 -> 4.2331671 | Q34: 0 | R34: =I34-COS(RADIANS(D34+E34/60+F34/3600))/SIN(RADIANS(D34+E34/60+F34/3600))*RADIANS(Q34/3600)/LN(10) -> 9.9978552 | S34: =S29 -> 4.2331671 | T34: =T29 -> 4.2331671
A35: 11 | B35: Fiefs | C35: Mesnil – Sauti | D35: 42 | E35: 59 | F35: 49.63 | G35: 0.22 | H35: 9.8337599 | I35: =H35 -> 9.8337599 | J35: =10+LOG10(SIN(RADIANS(D35+E35/60+F35/3600))) -> 9.8337599 | K35: =(I35-J35)*10000000000 -> -0.22488678 | L35: computed | N35: 4.1023222 | O35: =O37+I35-I37 -> 4.1023222 | P35: =IF(N35="","",(O35-N35)*10000000000) -> 0 | Q35: 0 | R35: =I35-COS(RADIANS(D35+E35/60+F35/3600))/SIN(RADIANS(D35+E35/60+F35/3600))*RADIANS(Q35/3600)/LN(10) -> 9.8337599 | S35: =S37+R35-R37 -> 4.1023222 | T35: =T37+J35-J37 -> 4.1023222 | U35: =Summary!$C$6*ASIN(10^O35/Summary!$C$6) -> 12656.782 | V35: 12656.782 | W35: =IF(V35="","",(V35-U35)*Summary!$C$7*1000) -> 0.15249095 | X35: =U35*Summary!$C$7 -> 24668.531 | Y35: =(D35+D36+D37-180)*3600+(E35+E36+E37)*60+F35+F36+F37-(G35+G36+G37) -> 0
A36: 11 | B36: Mesnil | C36: Fiefs – Sauti | D36: 102 | E36: 38 | F36: 9.63 | G36: 0.8 | H36: 9.9893517 | I36: =H36 -> 9.9893517 | J36: =10+LOG10(SIN(RADIANS(D36+E36/60+F36/3600))) -> 9.9893517 | K36: =(I36-J36)*10000000000 -> -0.97859498 | L36: computed | N36: 4.257914 | O36: =O37+I36-I37 -> 4.257914 | P36: =IF(N36="","",(O36-N36)*10000000000) -> -0.9999912 | Q36: 0 | R36: =I36-COS(RADIANS(D36+E36/60+F36/3600))/SIN(RADIANS(D36+E36/60+F36/3600))*RADIANS(Q36/3600)/LN(10) -> 9.9893517 | S36: =S37+R36-R37 -> 4.257914 | T36: =T37+J36-J37 -> 4.257914 | U36: =Summary!$C$6*ASIN(10^O36/Summary!$C$6) -> 18109.906 | V36: 18109.906 | W36: =IF(V36="","",(V36-U36)*Summary!$C$7*1000) -> 0.092709608 | X36: =U36*Summary!$C$7 -> 35296.869
A37: 11 | B37: Sauti | C37: Fiefs – Mesnil | D37: 34 | E37: 22 | F37: 1.98 | G37: 0.22 | H37: 9.7516599 | I37: =H37 -> 9.7516599 | J37: =10+LOG10(SIN(RADIANS(D37+E37/60+F37/3600))) -> 9.7516599 | K37: =(I37-J37)*10000000000 -> -2.9060487 | L37: base | M37: 6 | O37: =O20 -> 4.0202222 | Q37: 0 | R37: =I37-COS(RADIANS(D37+E37/60+F37/3600))/SIN(RADIANS(D37+E37/60+F37/3600))*RADIANS(Q37/3600)/LN(10) -> 9.7516599 | S37: =S20 -> 4.0202222 | T37: =T20 -> 4.0202222
A38: 12 | B38: Fiefs | C38: Sauti – Bonnières | D38: 34 | E38: 32 | F38: 51.42 | G38: 0.34 | H38: 9.7536527 | I38: =H38 -> 9.7536527 | J38: =10+LOG10(SIN(RADIANS(D38+E38/60+F38/3600))) -> 9.7536527 | K38: =(I38-J38)*10000000000 -> -2.9786484 | L38: computed | N38: 4.0115991 | O38: =O40+I38-I40 -> 4.0115991 | P38: =IF(N38="","",(O38-N38)*10000000000) -> -1.9999913 | Q38: 0 | R38: =I38-COS(RADIANS(D38+E38/60+F38/3600))/SIN(RADIANS(D38+E38/60+F38/3600))*RADIANS(Q38/3600)/LN(10) -> 9.7536527 | S38: =S40+R38-R40 -> 4.0115991 | T38: =T40+J38-J40 -> 4.0115991 | U38: =Summary!$C$6*ASIN(10^O38/Summary!$C$6) -> 10270.695 | V38: 10270.695 | W38: =IF(V38="","",(V38-U38)*Summary!$C$7*1000) -> 0.077476333 | X38: =U38*Summary!$C$7 -> 20017.961 | Y38: =(D38+D39+D40-180)*3600+(E38+E39+E40)*60+F38+F39+F40-(G38+G39+G40) -> 0
A39: 12 | B39: Sauti | C39: Fiefs – Bonnières | D39: 54 | E39: 45 | F39: 8.66 | G39: 0.38 | H39: 9.9120444 | I39: =H39 -> 9.9120444 | J39: =10+LOG10(SIN(RADIANS(D39+E39/60+F39/3600))) -> 9.9120444 | K39: =(I39-J39)*10000000000 -> -1.1175949 | L39: computed | N39: 4.1699908 | O39: =O40+I39-I40 -> 4.1699908 | P39: =IF(N39="","",(O39-N39)*10000000000) -> -1.9999913 | Q39: 0 | R39: =I39-COS(RADIANS(D39+E39/60+F39/3600))/SIN(RADIANS(D39+E39/60+F39/3600))*RADIANS(Q39/3600)/LN(10) -> 9.9120444 | S39: =S40+R39-R40 -> 4.1699908 | T39: =T40+J39-J40 -> 4.1699908 | U39: =Summary!$C$6*ASIN(10^O39/Summary!$C$6) -> 14790.82 | V39: 14790.82 | W39: =IF(V39="","",(V39-U39)*Summary!$C$7*1000) -> -0.026496304 | X39: =U39*Summary!$C$7 -> 28827.85
A40: 12 | B40: Bonnières | C40: Fiefs – Sauti | D40: 90 | E40: 42 | F40: 1.39 | G40: 0.75 | H40: 9.9999676 | I40: =H40 -> 9.9999676 | J40: =10+LOG10(SIN(RADIANS(D40+E40/60+F40/3600))) -> 9.9999676 | K40: =(I40-J40)*10000000000 -> 0.21829649 | L40: base | M40: 11 | O40: =O36 -> 4.257914 | Q40: 0 | R40: =I40-COS(RADIANS(D40+E40/60+F40/3600))/SIN(RADIANS(D40+E40/60+F40/3600))*RADIANS(Q40/3600)/LN(10) -> 9.9999676 | S40: =S36 -> 4.257914 | T40: =T36 -> 4.257914
A41: 13 | B41: Bonnières | C41: Sauti – Beauquêne | D41: 51 | E41: 56 | F41: 49.41 | G41: 0.25 | H41: 9.8962183 | I41: =H41 -> 9.8962183 | J41: =10+LOG10(SIN(RADIANS(D41+E41/60+F41/3600))) -> 9.8962183 | K41: =(I41-J41)*10000000000 -> 0.65444539 | L41: computed | N41: 3.9562581 | O41: =O43+I41-I43 -> 3.9562581 | P41: =IF(N41="","",(O41-N41)*10000000000) -> -2.000009 | Q41: 0 | R41: =I41-COS(RADIANS(D41+E41/60+F41/3600))/SIN(RADIANS(D41+E41/60+F41/3600))*RADIANS(Q41/3600)/LN(10) -> 9.8962183 | S41: =S43+R41-R43 -> 3.9562581 | T41: =T43+J41-J43 -> 3.9562581 | U41: =Summary!$C$6*ASIN(10^O41/Summary!$C$6) -> 9041.8791 | V41: 9041.8792 | W41: =IF(V41="","",(V41-U41)*Summary!$C$7*1000) -> 0.21115903 | X41: =U41*Summary!$C$7 -> 17622.953 | Y41: =(D41+D42+D43-180)*3600+(E41+E42+E43)*60+F41+F42+F43-(G41+G42+G43) -> 0
A42: 13 | B42: Sauti | C42: Bonnières – Beauquêne | D42: 64 | E42: 36 | F42: 51.99 | G42: 0.29 | H42: 9.9559009 | I42: =H42 -> 9.9559009 | J42: =10+LOG10(SIN(RADIANS(D42+E42/60+F42/3600))) -> 9.9559009 | K42: =(I42-J42)*10000000000 -> -1.7780977 | L42: computed | N42: 4.0159408 | O42: =O43+I42-I43 -> 4.0159408 | P42: =IF(N42="","",(O42-N42)*10000000000) -> -2.000009 | Q42: 0 | R42: =I42-COS(RADIANS(D42+E42/60+F42/3600))/SIN(RADIANS(D42+E42/60+F42/3600))*RADIANS(Q42/3600)/LN(10) -> 9.9559009 | S42: =S43+R42-R43 -> 4.0159408 | T42: =T43+J42-J43 -> 4.0159408 | U42: =Summary!$C$6*ASIN(10^O42/Summary!$C$6) -> 10373.886 | V42: 10373.887 | W42: =IF(V42="","",(V42-U42)*Summary!$C$7*1000) -> 0.21766796 | X42: =U42*Summary!$C$7 -> 20219.084
A43: 13 | B43: Beauquêne | C43: Bonnières – Sauti | D43: 63 | E43: 26 | F43: 19.42 | G43: 0.28 | H43: 9.9515593 | I43: =H43 -> 9.9515593 | J43: =10+LOG10(SIN(RADIANS(D43+E43/60+F43/3600))) -> 9.9515593 | K43: =(I43-J43)*10000000000 -> -1.0592238 | L43: base | M43: 12 | O43: =O38 -> 4.0115991 | Q43: 0 | R43: =I43-COS(RADIANS(D43+E43/60+F43/3600))/SIN(RADIANS(D43+E43/60+F43/3600))*RADIANS(Q43/3600)/LN(10) -> 9.9515593 | S43: =S38 -> 4.0115991 | T43: =T38 -> 4.0115991
A44: 14 | B44: Sauti | C44: Beauquêne – Mailli | D44: 52 | E44: 57 | F44: 13.04 | G44: 0.18 | H44: 9.9020835 | I44: =H44 -> 9.9020835 | J44: =10+LOG10(SIN(RADIANS(D44+E44/60+F44/3600))) -> 9.9020835 | K44: =(I44-J44)*10000000000 -> -1.6042279 | L44: computed | N44: 3.89121 | O44: =O46+I44-I46 -> 3.89121 | P44: =IF(N44="","",(O44-N44)*10000000000) -> -1.9999957 | Q44: 0 | R44: =I44-COS(RADIANS(D44+E44/60+F44/3600))/SIN(RADIANS(D44+E44/60+F44/3600))*RADIANS(Q44/3600)/LN(10) -> 9.9020835 | S44: =S46+R44-R46 -> 3.89121 | T44: =T46+J44-J46 -> 3.89121 | U44: =Summary!$C$6*ASIN(10^O44/Summary!$C$6) -> 7784.1366 | V44: 7784.1366 | W44: =IF(V44="","",(V44-U44)*Summary!$C$7*1000) -> -0.0059019076 | X44: =U44*Summary!$C$7 -> 15171.567 | Y44: =(D44+D45+D46-180)*3600+(E44+E45+E46)*60+F44+F45+F46-(G44+G45+G46) -> 0
A45: 14 | B45: Beauquêne | C45: Sauti – Mailli | D45: 59 | E45: 3 | F45: 27.81 | G45: 0.19 | H45: 9.9333282 | I45: =H45 -> 9.9333282 | J45: =10+LOG10(SIN(RADIANS(D45+E45/60+F45/3600))) -> 9.9333282 | K45: =(I45-J45)*10000000000 -> -1.2333956 | L45: computed | N45: 3.9224547 | O45: =O46+I45-I46 -> 3.9224547 | P45: =IF(N45="","",(O45-N45)*10000000000) -> -2.0000002 | Q45: 0 | R45: =I45-COS(RADIANS(D45+E45/60+F45/3600))/SIN(RADIANS(D45+E45/60+F45/3600))*RADIANS(Q45/3600)/LN(10) -> 9.9333282 | S45: =S46+R45-R46 -> 3.9224547 | T45: =T46+J45-J46 -> 3.9224547 | U45: =Summary!$C$6*ASIN(10^O45/Summary!$C$6) -> 8364.7935 | V45: 8364.7935 | W45: =IF(V45="","",(V45-U45)*Summary!$C$7*1000) -> 0.074347655 | X45: =U45*Summary!$C$7 -> 16303.289
A46: 14 | B46: Mailli | C46: Sauti – Beauquêne | D46: 67 | E46: 59 | F46: 19.73 | G46: 0.21 | H46: 9.9671316 | I46: =H46 -> 9.9671316 | J46: =10+LOG10(SIN(RADIANS(D46+E46/60+F46/3600))) -> 9.9671316 | K46: =(I46-J46)*10000000000 -> 0.37042369 | L46: base | M46: 13 | O46: =O41 -> 3.9562581 | Q46: 0 | R46: =I46-COS(RADIANS(D46+E46/60+F46/3600))/SIN(RADIANS(D46+E46/60+F46/3600))*RADIANS(Q46/3600)/LN(10) -> 9.9671316 | S46: =S41 -> 3.9562581 | T46: =T41 -> 3.9562581
A47: 15 | B47: Mailli | C47: Villersbretonneux – Beauquêne | D47: 78 | E47: 53 | F47: 28.7 | G47: 0.38 | H47: 9.9917856 | I47: =H47 -> 9.9917856 | J47: =10+LOG10(SIN(RADIANS(D47+E47/60+F47/3600))) -> 9.9917856 | K47: =(I47-J47)*10000000000 -> -1.3382007 | L47: computed | N47: 4.1225052 | O47: =O48+I47-I48 -> 4.1225052 | P47: =IF(N47="","",(O47-N47)*10000000000) -> -1.0000001 | Q47: 0 | R47: =I47-COS(RADIANS(D47+E47/60+F47/3600))/SIN(RADIANS(D47+E47/60+F47/3600))*RADIANS(Q47/3600)/LN(10) -> 9.9917856 | S47: =S48+R47-R48 -> 4.1225052 | T47: =T48+J47-J48 -> 4.1225052 | U47: =Summary!$C$6*ASIN(10^O47/Summary!$C$6) -> 13258.866 | V47: 13258.866 | W47: =IF(V47="","",(V47-U47)*Summary!$C$7*1000) -> 0.11253697 | X47: =U47*Summary!$C$7 -> 25842.015 | Y47: =(D47+D48+D49-180)*3600+(E47+E48+E49)*60+F47+F48+F49-(G47+G48+G49) -> 3.663736e-15
A48: 15 | B48: Villersbretonneux | C48: Mailli – Beauquêne | D48: 35 | E48: 10 | F48: 33.65 | G48: 0.25 | H48: 9.7604905 | I48: =H48 -> 9.7604905 | J48: =10+LOG10(SIN(RADIANS(D48+E48/60+F48/3600))) -> 9.7604905 | K48: =(I48-J48)*10000000000 -> -5.9782579 | L48: base | M48: 14 | O48: =O44 -> 3.89121 | Q48: 0 | R48: =I48-COS(RADIANS(D48+E48/60+F48/3600))/SIN(RADIANS(D48+E48/60+F48/3600))*RADIANS(Q48/3600)/LN(10) -> 9.7604905 | S48: =S44 -> 3.89121 | T48: =T44 -> 3.89121
A49: 15 | B49: Beauquêne | C49: Mailli – Villersbretonneux | D49: 65 | E49: 55 | F49: 58.56 | G49: 0.28 | H49: 9.9605035 | I49: =H49 -> 9.9605035 | J49: =10+LOG10(SIN(RADIANS(D49+E49/60+F49/3600))) -> 9.9605035 | K49: =(I49-J49)*10000000000 -> -1.0676615 | L49: computed | N49: 4.091223 | O49: =O48+I49-I48 -> 4.091223 | P49: =IF(N49="","",(O49-N49)*10000000000) -> -0.9999912 | Q49: 0 | R49: =I49-COS(RADIANS(D49+E49/60+F49/3600))/SIN(RADIANS(D49+E49/60+F49/3600))*RADIANS(Q49/3600)/LN(10) -> 9.9605035 | S49: =S48+R49-R48 -> 4.091223 | T49: =T48+J49-J48 -> 4.091223 | U49: =Summary!$C$6*ASIN(10^O49/Summary!$C$6) -> 12337.412 | V49: 12337.412 | W49: =IF(V49="","",(V49-U49)*Summary!$C$7*1000) -> 0.27469122 | X49: =U49*Summary!$C$7 -> 24046.068
A50: 16 | B50: Villersbretonneux | C50: Vignacourt – Beauquêne | D50: 35 | E50: 4 | F50: 56.87 | G50: 0.29 | H50: 9.7594826 | I50: =H50 -> 9.7594826 | J50: =10+LOG10(SIN(RADIANS(D50+E50/60+F50/3600))) -> 9.7594826 | K50: =(I50-J50)*10000000000 -> -4.239471 | L50: computed | N50: 3.9238431 | O50: =O51+I50-I51 -> 3.9238431 | P50: =IF(N50="","",(O50-N50)*10000000000) -> -1.000009 | Q50: 0 | R50: =I50-COS(RADIANS(D50+E50/60+F50/3600))/SIN(RADIANS(D50+E50/60+F50/3600))*RADIANS(Q50/3600)/LN(10) -> 9.7594826 | S50: =S51+R50-R51 -> 3.9238431 | T50: =T51+J50-J51 -> 3.9238431 | U50: =Summary!$C$6*ASIN(10^O50/Summary!$C$6) -> 8391.5777 | V50: 8391.5774 | W50: =IF(V50="","",(V50-U50)*Summary!$C$7*1000) -> -0.5420896 | X50: =U50*Summary!$C$7 -> 16355.492 | Y50: =(D50+D51+D52-180)*3600+(E50+E51+E52)*60+F50+F51+F52-(G50+G51+G52) -> -4.8849813e-15
A51: 16 | B51: Vignacourt | C51: Villersbretonneux – Beauquêne | D51: 65 | E51: 14 | F51: 50.05 | G51: 0.33 | H51: 9.9581447 | I51: =H51 -> 9.9581447 | J51: =10+LOG10(SIN(RADIANS(D51+E51/60+F51/3600))) -> 9.9581447 | K51: =(I51-J51)*10000000000 -> -1.051248 | L51: base | M51: 15 | O51: =O47 -> 4.1225052 | Q51: 0 | R51: =I51-COS(RADIANS(D51+E51/60+F51/3600))/SIN(RADIANS(D51+E51/60+F51/3600))*RADIANS(Q51/3600)/LN(10) -> 9.9581447 | S51: =S47 -> 4.1225052 | T51: =T47 -> 4.1225052
A52: 16 | B52: Beauquêne | C52: Villersbretonneux – Vignacourt | D52: 79 | E52: 40 | F52: 14.14 | G52: 0.44 | H52: 9.9929038 | I52: =H52 -> 9.9929038 | J52: =10+LOG10(SIN(RADIANS(D52+E52/60+F52/3600))) -> 9.9929038 | K52: =(I52-J52)*10000000000 -> -1.3649704 | L52: computed | N52: 4.1572643 | O52: =O51+I52-I51 -> 4.1572643 | P52: =IF(N52="","",(O52-N52)*10000000000) -> -1.000009 | Q52: 0 | R52: =I52-COS(RADIANS(D52+E52/60+F52/3600))/SIN(RADIANS(D52+E52/60+F52/3600))*RADIANS(Q52/3600)/LN(10) -> 9.9929038 | S52: =S51+R52-R51 -> 4.1572643 | T52: =T51+J52-J51 -> 4.1572643 | U52: =Summary!$C$6*ASIN(10^O52/Summary!$C$6) -> 14363.68 | V52: 14363.68 | W52: =IF(V52="","",(V52-U52)*Summary!$C$7*1000) -> -0.069422641 | X52: =U52*Summary!$C$7 -> 27995.337
A53: 17 | B53: Villersbretonneux | C53: Vignacourt – Sourdon | D53: 99 | E53: 5 | F53: 50.46 | G53: 0.83 | H53: 9.9945024 | I53: =H53 -> 9.9945024 | J53: =10+LOG10(SIN(RADIANS(D53+E53/60+F53/3600))) -> 9.9945024 | K53: =(I53-J53)*10000000000 -> -0.3688605 | L53: computed | N53: 4.2735244 | O53: =O55+I53-I55 -> 4.2735244 | P53: =IF(N53="","",(O53-N53)*10000000000) -> -1.0000178 | Q53: 0 | R53: =I53-COS(RADIANS(D53+E53/60+F53/3600))/SIN(RADIANS(D53+E53/60+F53/3600))*RADIANS(Q53/3600)/LN(10) -> 9.9945024 | S53: =S55+R53-R55 -> 4.2735244 | T53: =T55+J53-J55 -> 4.2735244 | U53: =Summary!$C$6*ASIN(10^O53/Summary!$C$6) -> 18772.702 | V53: 18772.702 | W53: =IF(V53="","",(V53-U53)*Summary!$C$7*1000) -> 0.082352982 | X53: =U53*Summary!$C$7 -> 36588.684 | Y53: =(D53+D54+D55-180)*3600+(E53+E54+E55)*60+F53+F54+F55-(G53+G54+G55) -> 1.0214052e-14
A54: 17 | B54: Vignacourt | C54: Villersbretonneux – Sourdon | D54: 31 | E54: 49 | F54: 57.92 | G54: 0.3 | H54: 9.7221744 | I54: =H54 -> 9.7221744 | J54: =10+LOG10(SIN(RADIANS(D54+E54/60+F54/3600))) -> 9.7221744 | K54: =(I54-J54)*10000000000 -> -4.255476 | L54: computed | N54: 4.0011964 | O54: =O55+I54-I55 -> 4.0011964 | P54: =IF(N54="","",(O54-N54)*10000000000) -> -2.0000179 | Q54: 0 | R54: =I54-COS(RADIANS(D54+E54/60+F54/3600))/SIN(RADIANS(D54+E54/60+F54/3600))*RADIANS(Q54/3600)/LN(10) -> 9.7221744 | S54: =S55+R54-R55 -> 4.0011964 | T54: =T55+J54-J55 -> 4.0011964 | U54: =Summary!$C$6*ASIN(10^O54/Summary!$C$6) -> 10027.601 | V54: 10027.601 | W54: =IF(V54="","",(V54-U54)*Summary!$C$7*1000) -> 0.10645873 | X54: =U54*Summary!$C$7 -> 19544.161
A55: 17 | B55: Sourdon | C55: Villersbretonneux – Vignacourt | D55: 49 | E55: 4 | F55: 12.98 | G55: 0.23 | H55: 9.8782423 | I55: =H55 -> 9.8782423 | J55: =10+LOG10(SIN(RADIANS(D55+E55/60+F55/3600))) -> 9.8782423 | K55: =(I55-J55)*10000000000 -> -1.9803892 | L55: base | M55: 16 | O55: =O52 -> 4.1572643 | Q55: 0 | R55: =I55-COS(RADIANS(D55+E55/60+F55/3600))/SIN(RADIANS(D55+E55/60+F55/3600))*RADIANS(Q55/3600)/LN(10) -> 9.8782423 | S55: =S52 -> 4.1572643 | T55: =T52 -> 4.1572643
A56: 18 | B56: Villersbretonneux | C56: Sourdon – Arvillers | D56: 60 | E56: 20 | F56: 43.56 | G56: 0.24 | H56: 9.9390318 | I56: =H56 -> 9.9390318 | J56: =10+LOG10(SIN(RADIANS(D56+E56/60+F56/3600))) -> 9.9390318 | K56: =(I56-J56)*10000000000 -> -0.93359986 | L56: computed | N56: 3.9741773 | O56: =O58+I56-I58 -> 3.9741773 | P56: =IF(N56="","",(O56-N56)*10000000000) -> -2.0000179 | Q56: 0 | R56: =I56-COS(RADIANS(D56+E56/60+F56/3600))/SIN(RADIANS(D56+E56/60+F56/3600))*RADIANS(Q56/3600)/LN(10) -> 9.9390318 | S56: =S58+R56-R58 -> 3.9741773 | T56: =T58+J56-J58 -> 3.9741773 | U56: =Summary!$C$6*ASIN(10^O56/Summary!$C$6) -> 9422.7544 | V56: 9422.7544 | W56: =IF(V56="","",(V56-U56)*Summary!$C$7*1000) -> 0.077814319 | X56: =U56*Summary!$C$7 -> 18365.293 | Y56: =(D56+D57+D58-180)*3600+(E56+E57+E58)*60+F56+F57+F58-(G56+G57+G58) -> 0
A57: 18 | B57: Sourdon | C57: Villersbretonneux – Arvillers | D57: 52 | E57: 0 | F57: 56 | G57: 0.22 | H57: 9.8966242 | I57: =H57 -> 9.8966242 | J57: =10+LOG10(SIN(RADIANS(D57+E57/60+F57/3600))) -> 9.8966242 | K57: =(I57-J57)*10000000000 -> -2.2693847 | L57: computed | N57: 3.9317697 | O57: =O58+I57-I58 -> 3.9317697 | P57: =IF(N57="","",(O57-N57)*10000000000) -> -2.0000179 | Q57: 0 | R57: =I57-COS(RADIANS(D57+E57/60+F57/3600))/SIN(RADIANS(D57+E57/60+F57/3600))*RADIANS(Q57/3600)/LN(10) -> 9.8966242 | S57: =S58+R57-R58 -> 3.9317697 | T57: =T58+J57-J58 -> 3.9317697 | U57: =Summary!$C$6*ASIN(10^O57/Summary!$C$6) -> 8546.1433 | V57: 8546.1433 | W57: =IF(V57="","",(V57-U57)*Summary!$C$7*1000) -> -0.0039161058 | X57: =U57*Summary!$C$7 -> 16656.746
A58: 18 | B58: Arvillers | C58: Villersbretonneux – Sourdon | D58: 67 | E58: 38 | F58: 21.16 | G58: 0.26 | H58: 9.9660509 | I58: =H58 -> 9.9660509 | J58: =10+LOG10(SIN(RADIANS(D58+E58/60+F58/3600))) -> 9.9660509 | K58: =(I58-J58)*10000000000 -> -0.30018654 | L58: base | M58: 17 | O58: =O54 -> 4.0011964 | Q58: 0 | R58: =I58-COS(RADIANS(D58+E58/60+F58/3600))/SIN(RADIANS(D58+E58/60+F58/3600))*RADIANS(Q58/3600)/LN(10) -> 9.9660509 | S58: =S54 -> 4.0011964 | T58: =T54 -> 4.0011964
A59: 19 | B59: Beauquêne | C59: Mailli – Bayonvillers | D59: 52 | E59: 5 | F59: 17.43 | G59: 0.19 | H59: 9.8970535 | I59: =H59 -> 9.8970535 | J59: =10+LOG10(SIN(RADIANS(D59+E59/60+F59/3600))) -> 9.8970535 | K59: =(I59-J59)*10000000000 -> -1.9137936 | L59: computed | N59: 4.0924144 | O59: =O61+I59-I61 -> 4.0924144 | P59: =IF(N59="","",(O59-N59)*10000000000) -> -0.9999912 | Q59: 0 | R59: =I59-COS(RADIANS(D59+E59/60+F59/3600))/SIN(RADIANS(D59+E59/60+F59/3600))*RADIANS(Q59/3600)/LN(10) -> 9.8970535 | S59: =S61+R59-R61 -> 4.0924144 | T59: =T61+J59-J61 -> 4.0924144 | U59: =Summary!$C$6*ASIN(10^O59/Summary!$C$6) -> 12371.304 | V59: 12371.304 | W59: =IF(V59="","",(V59-U59)*Summary!$C$7*1000) -> 0.11301098 | X59: =U59*Summary!$C$7 -> 24112.124 | Y59: =(D59+D60+D61-180)*3600+(E59+E60+E61)*60+F59+F60+F61-(G59+G60+G61) -> 3.663736e-15
A60: 19 | B60: Mailli | C60: Beauquêne – Bayonvillers | D60: 98 | E60: 8 | F60: 55.18 | G60: 0.55 | H60: 9.9955929 | I60: =H60 -> 9.9955929 | J60: =10+LOG10(SIN(RADIANS(D60+E60/60+F60/3600))) -> 9.9955929 | K60: =(I60-J60)*10000000000 -> -1.635474 | L60: computed | N60: 4.1909539 | O60: =O61+I60-I61 -> 4.1909539 | P60: =IF(N60="","",(O60-N60)*10000000000) -> -1.9999913 | Q60: 0 | R60: =I60-COS(RADIANS(D60+E60/60+F60/3600))/SIN(RADIANS(D60+E60/60+F60/3600))*RADIANS(Q60/3600)/LN(10) -> 9.9955929 | S60: =S61+R60-R61 -> 4.1909539 | T60: =T61+J60-J61 -> 4.1909539 | U60: =Summary!$C$6*ASIN(10^O60/Summary!$C$6) -> 15522.28 | V60: 15522.28 | W60: =IF(V60="","",(V60-U60)*Summary!$C$7*1000) -> -0.016312354 | X60: =U60*Summary!$C$7 -> 30253.491
A61: 19 | B61: Bayonvillers | C61: Beauquêne – Mailli | D61: 29 | E61: 45 | F61: 48.3 | G61: 0.17 | H61: 9.6958491 | I61: =H61 -> 9.6958491 | J61: =10+LOG10(SIN(RADIANS(D61+E61/60+F61/3600))) -> 9.6958491 | K61: =(I61-J61)*10000000000 -> -3.3766057 | L61: base | M61: 14 | O61: =O44 -> 3.89121 | Q61: 0 | R61: =I61-COS(RADIANS(D61+E61/60+F61/3600))/SIN(RADIANS(D61+E61/60+F61/3600))*RADIANS(Q61/3600)/LN(10) -> 9.6958491 | S61: =S44 -> 3.89121 | T61: =T44 -> 3.89121
A62: 20 | B62: Mailli | C62: Bayonvillers – Villersbretonneux | D62: 19 | E62: 15 | F62: 24.14 | G62: 0.13 | H62: 9.5182521 | I62: =H62 -> 9.5182521 | J62: =10+LOG10(SIN(RADIANS(D62+E62/60+F62/3600))) -> 9.5182521 | K62: =(I62-J62)*10000000000 -> -12.995383 | L62: computed | N62: 3.6162417 | O62: =O64+I62-I64 -> 3.6162417 | P62: =IF(N62="","",(O62-N62)*10000000000) -> -1.9999957 | Q62: 0 | R62: =I62-COS(RADIANS(D62+E62/60+F62/3600))/SIN(RADIANS(D62+E62/60+F62/3600))*RADIANS(Q62/3600)/LN(10) -> 9.5182521 | S62: =S64+R62-R64 -> 3.6162417 | T62: =T64+J62-J64 -> 3.6162418 | U62: =Summary!$C$6*ASIN(10^O62/Summary!$C$6) -> 4132.776 | V62: 4132.7761 | W62: =IF(V62="","",(V62-U62)*Summary!$C$7*1000) -> 0.21822947 | X62: =U62*Summary!$C$7 -> 8054.9316 | Y62: =(D62+D63+D64-180)*3600+(E62+E63+E64)*60+F62+F63+F64-(G62+G63+G64) -> 1.9984014e-15
A63: 20 | B63: Bayonvillers | C63: Mailli – Villersbretonneux | D63: 79 | E63: 54 | F63: 16.09 | G63: 0.18 | H63: 9.9932232 | I63: =H63 -> 9.9932232 | J63: =10+LOG10(SIN(RADIANS(D63+E63/60+F63/3600))) -> 9.9932232 | K63: =(I63-J63)*10000000000 -> -1.5278978 | L63: computed | N63: 4.0912128 | O63: =O64+I63-I64 -> 4.0912128 | P63: =IF(N63="","",(O63-N63)*10000000000) -> -2.0000002 | Q63: 0 | R63: =I63-COS(RADIANS(D63+E63/60+F63/3600))/SIN(RADIANS(D63+E63/60+F63/3600))*RADIANS(Q63/3600)/LN(10) -> 9.9932232 | S63: =S64+R63-R64 -> 4.0912128 | T63: =T64+J63-J64 -> 4.0912128 | U63: =Summary!$C$6*ASIN(10^O63/Summary!$C$6) -> 12337.12 | V63: 12337.12 | W63: =IF(V63="","",(V63-U63)*Summary!$C$7*1000) -> 0.031696325 | X63: =U63*Summary!$C$7 -> 24045.499
A64: 20 | B64: Villersbretonneux | C64: Mailli – Bayonvillers | D64: 80 | E64: 50 | F64: 20.26 | G64: 0.18 | H64: 9.9944248 | I64: =H64 -> 9.9944248 | J64: =10+LOG10(SIN(RADIANS(D64+E64/60+F64/3600))) -> 9.9944248 | K64: =(I64-J64)*10000000000 -> -0.47034376 | L64: base | M64: 19 | O64: =O59 -> 4.0924144 | Q64: 0 | R64: =I64-COS(RADIANS(D64+E64/60+F64/3600))/SIN(RADIANS(D64+E64/60+F64/3600))*RADIANS(Q64/3600)/LN(10) -> 9.9944248 | S64: =S59 -> 4.0924144 | T64: =T59 -> 4.0924144
A65: 21 | B65: Bayonvillers | C65: Villersbretonneux – Arvillers | D65: 102 | E65: 20 | F65: 57.9 | G65: 0.15 | H65: 9.989833 | I65: =H65 -> 9.989833 | J65: =10+LOG10(SIN(RADIANS(D65+E65/60+F65/3600))) -> 9.989833 | K65: =(I65-J65)*10000000000 -> -1.2118839 | L65: computed | N65: 3.9317554 | O65: =O67+I65-I67 -> 3.9317554 | P65: =IF(N65="","",(O65-N65)*10000000000) -> -1.9999957 | Q65: 0 | R65: =I65-COS(RADIANS(D65+E65/60+F65/3600))/SIN(RADIANS(D65+E65/60+F65/3600))*RADIANS(Q65/3600)/LN(10) -> 9.989833 | S65: =S67+R65-R67 -> 3.9317554 | T65: =T67+J65-J67 -> 3.9317554 | U65: =Summary!$C$6*ASIN(10^O65/Summary!$C$6) -> 8545.8616 | V65: 8545.8617 | W65: =IF(V65="","",(V65-U65)*Summary!$C$7*1000) -> 0.17868107 | X65: =U65*Summary!$C$7 -> 16656.197 | Y65: =(D65+D66+D67-180)*3600+(E65+E66+E67)*60+F65+F66+F67-(G65+G66+G67) -> -5.5511151e-15
A66: 21 | B66: Villersbretonneux | C66: Bayonvillers – Arvillers | D66: 49 | E66: 27 | F66: 35.23 | G66: 0.04 | H66: 9.880785 | I66: =H66 -> 9.880785 | J66: =10+LOG10(SIN(RADIANS(D66+E66/60+F66/3600))) -> 9.880785 | K66: =(I66-J66)*10000000000 -> -2.42661 | L66: computed | N66: 3.8227074 | O66: =O67+I66-I67 -> 3.8227074 | P66: =IF(N66="","",(O66-N66)*10000000000) -> -0.99998232 | Q66: 0 | R66: =I66-COS(RADIANS(D66+E66/60+F66/3600))/SIN(RADIANS(D66+E66/60+F66/3600))*RADIANS(Q66/3600)/LN(10) -> 9.880785 | S66: =S67+R66-R67 -> 3.8227074 | T66: =T67+J66-J67 -> 3.8227074 | U66: =Summary!$C$6*ASIN(10^O66/Summary!$C$6) -> 6648.255 | V66: 6648.255 | W66: =IF(V66="","",(V66-U66)*Summary!$C$7*1000) -> -0.032186048 | X66: =U66*Summary!$C$7 -> 12957.692
A67: 21 | B67: Arvillers | C67: Bayonvillers – Villersbretonneux | D67: 28 | E67: 11 | F67: 27.13 | G67: 0.07 | H67: 9.6743194 | I67: =H67 -> 9.6743194 | J67: =10+LOG10(SIN(RADIANS(D67+E67/60+F67/3600))) -> 9.6743194 | K67: =(I67-J67)*10000000000 -> -5.0801141 | L67: base | M67: 20 | O67: =O62 -> 3.6162417 | Q67: 0 | R67: =I67-COS(RADIANS(D67+E67/60+F67/3600))/SIN(RADIANS(D67+E67/60+F67/3600))*RADIANS(Q67/3600)/LN(10) -> 9.6743194 | S67: =S62 -> 3.6162417 | T67: =T62 -> 3.6162418
A68: 22 | B68: Villersbretonneux | C68: Sourdon – Amiens | D68: 75 | E68: 1 | F68: 3.02 | G68: 0.3 | H68: 9.9849793 | I68: =H68 -> 9.9849793 | J68: =10+LOG10(SIN(RADIANS(D68+E68/60+F68/3600))) -> 9.9849793 | K68: =(I68-J68)*10000000000 -> -2.0603075 | L68: computed | N68: 4.0463432 | O68: =O70+I68-I70 -> 4.0463432 | P68: =IF(N68="","",(O68-N68)*10000000000) -> -3.0000269 | Q68: 0 | R68: =I68-COS(RADIANS(D68+E68/60+F68/3600))/SIN(RADIANS(D68+E68/60+F68/3600))*RADIANS(Q68/3600)/LN(10) -> 9.9849793 | S68: =S70+R68-R70 -> 4.0463432 | T68: =T70+J68-J70 -> 4.0463432 | U68: =Summary!$C$6*ASIN(10^O68/Summary!$C$6) -> 11126.127 | V68: 11126.127 | W68: =IF(V68="","",(V68-U68)*Summary!$C$7*1000) -> 0.021204152 | X68: =U68*Summary!$C$7 -> 21685.229 | Y68: =(D68+D69+D70-180)*3600+(E68+E69+E70)*60+F68+F69+F70-(G68+G69+G70) -> 3.1086245e-15
A69: 22 | B69: Sourdon | C69: Villersbretonneux – Amiens | D69: 44 | E69: 27 | F69: 3.75 | G69: 0.22 | H69: 9.8452838 | I69: =H69 -> 9.8452838 | J69: =10+LOG10(SIN(RADIANS(D69+E69/60+F69/3600))) -> 9.8452838 | K69: =(I69-J69)*10000000000 -> -2.1285373 | L69: computed | N69: 3.9066477 | O69: =O70+I69-I70 -> 3.9066477 | P69: =IF(N69="","",(O69-N69)*10000000000) -> -2.0000357 | Q69: 0 | R69: =I69-COS(RADIANS(D69+E69/60+F69/3600))/SIN(RADIANS(D69+E69/60+F69/3600))*RADIANS(Q69/3600)/LN(10) -> 9.8452838 | S69: =S70+R69-R70 -> 3.9066477 | T69: =T70+J69-J70 -> 3.9066477 | U69: =Summary!$C$6*ASIN(10^O69/Summary!$C$6) -> 8065.8132 | V69: 8065.8132 | W69: =IF(V69="","",(V69-U69)*Summary!$C$7*1000) -> 0.0963463 | X69: =U69*Summary!$C$7 -> 15720.565
A70: 22 | B70: Amiens | C70: Villersbretonneux – Sourdon | D70: 60 | E70: 31 | F70: 54 | G70: 0.25 | H70: 9.9398325 | I70: =H70 -> 9.9398325 | J70: =10+LOG10(SIN(RADIANS(D70+E70/60+F70/3600))) -> 9.9398325 | K70: =(I70-J70)*10000000000 -> -0.80619955 | L70: base | M70: 17 | O70: =O54 -> 4.0011964 | Q70: 0 | R70: =I70-COS(RADIANS(D70+E70/60+F70/3600))/SIN(RADIANS(D70+E70/60+F70/3600))*RADIANS(Q70/3600)/LN(10) -> 9.9398325 | S70: =S54 -> 4.0011964 | T70: =T54 -> 4.0011964
A71: 23 | B71: Villersbretonneux | C71: Vignacourt – Amiens | D71: 24 | E71: 4 | F71: 48.74 | G71: 0.07 | H71: 9.6106762 | I71: =H71 -> 9.6106762 | J71: =10+LOG10(SIN(RADIANS(D71+E71/60+F71/3600))) -> 9.6106762 | K71: =(I71-J71)*10000000000 -> -4.0673598 | L71: computed | N71: 3.8884411 | O71: =O73+I71-I73 -> 3.8884411 | P71: =IF(N71="","",(O71-N71)*10000000000) -> -1.000009 | Q71: 0 | R71: =I71-COS(RADIANS(D71+E71/60+F71/3600))/SIN(RADIANS(D71+E71/60+F71/3600))*RADIANS(Q71/3600)/LN(10) -> 9.6106762 | S71: =S73+R71-R73 -> 3.8884411 | T71: =T73+J71-J73 -> 3.8884411 | U71: =Summary!$C$6*ASIN(10^O71/Summary!$C$6) -> 7734.6641 | V71: 7734.6641 | W71: =IF(V71="","",(V71-U71)*Summary!$C$7*1000) -> 0.057249195 | X71: =U71*Summary!$C$7 -> 15075.143 | Y71: =(D71+D72+D73-180)*3600+(E71+E72+E73)*60+F71+F72+F73-(G71+G72+G73) -> 6.3837824e-15
A72: 23 | B72: Vignacourt | C72: Villersbretonneux – Amiens | D72: 25 | E72: 10 | F72: 55.58 | G72: 0.06 | H72: 9.6288962 | I72: =H72 -> 9.6288962 | J72: =10+LOG10(SIN(RADIANS(D72+E72/60+F72/3600))) -> 9.6288962 | K72: =(I72-J72)*10000000000 -> -7.0301986 | L72: computed | N72: 3.906661 | O72: =O73+I72-I73 -> 3.906661 | P72: =IF(N72="","",(O72-N72)*10000000000) -> -1.0000223 | Q72: 0 | R72: =I72-COS(RADIANS(D72+E72/60+F72/3600))/SIN(RADIANS(D72+E72/60+F72/3600))*RADIANS(Q72/3600)/LN(10) -> 9.6288962 | S72: =S73+R72-R73 -> 3.906661 | T72: =T73+J72-J73 -> 3.906661 | U72: =Summary!$C$6*ASIN(10^O72/Summary!$C$6) -> 8066.0602 | V72: 8066.0602 | W72: =IF(V72="","",(V72-U72)*Summary!$C$7*1000) -> -0.015806482 | X72: =U72*Summary!$C$7 -> 15721.046
A73: 23 | B73: Amiens | C73: Villersbretonneux – Vignacourt | D73: 130 | E73: 44 | F73: 16.13 | G73: 0.32 | H73: 9.8794995 | I73: =H73 -> 9.8794995 | J73: =10+LOG10(SIN(RADIANS(D73+E73/60+F73/3600))) -> 9.8794995 | K73: =(I73-J73)*10000000000 -> -2.2961011 | L73: base | M73: 16 | O73: =O52 -> 4.1572643 | Q73: 0 | R73: =I73-COS(RADIANS(D73+E73/60+F73/3600))/SIN(RADIANS(D73+E73/60+F73/3600))*RADIANS(Q73/3600)/LN(10) -> 9.8794995 | S73: =S52 -> 4.1572643 | T73: =T52 -> 4.1572643
A74: 24 | B74: Arvillers | C74: Sourdon – Coivrel | D74: 60 | E74: 29 | F74: 18.89 | G74: 0.31 | H74: 9.9396478 | I74: =H74 -> 9.9396478 | J74: =10+LOG10(SIN(RADIANS(D74+E74/60+F74/3600))) -> 9.9396478 | K74: =(I74-J74)*10000000000 -> -0.68085981 | L74: computed | N74: 4.028174 | O74: =O76+I74-I76 -> 4.028174 | P74: =IF(N74="","",(O74-N74)*10000000000) -> -2.0000002 | Q74: 0 | R74: =I74-COS(RADIANS(D74+E74/60+F74/3600))/SIN(RADIANS(D74+E74/60+F74/3600))*RADIANS(Q74/3600)/LN(10) -> 9.9396478 | S74: =S76+R74-R76 -> 4.028174 | T74: =T76+J74-J76 -> 4.028174 | U74: =Summary!$C$6*ASIN(10^O74/Summary!$C$6) -> 10670.255 | V74: 10670.255 | W74: =IF(V74="","",(V74-U74)*Summary!$C$7*1000) -> -0.026233677 | X74: =U74*Summary!$C$7 -> 20796.717 | Y74: =(D74+D75+D76-180)*3600+(E74+E75+E76)*60+F74+F75+F76-(G74+G75+G76) -> 0
A75: 24 | B75: Sourdon | C75: Arvillers – Coivrel | D75: 69 | E75: 17 | F75: 28.16 | G75: 0.33 | H75: 9.9709925 | I75: =H75 -> 9.9709925 | J75: =10+LOG10(SIN(RADIANS(D75+E75/60+F75/3600))) -> 9.9709925 | K75: =(I75-J75)*10000000000 -> -1.3793588 | L75: computed | N75: 4.0595187 | O75: =O76+I75-I76 -> 4.0595187 | P75: =IF(N75="","",(O75-N75)*10000000000) -> -2.0000002 | Q75: 0 | R75: =I75-COS(RADIANS(D75+E75/60+F75/3600))/SIN(RADIANS(D75+E75/60+F75/3600))*RADIANS(Q75/3600)/LN(10) -> 9.9709925 | S75: =S76+R75-R76 -> 4.0595187 | T75: =T76+J75-J76 -> 4.0595187 | U75: =Summary!$C$6*ASIN(10^O75/Summary!$C$6) -> 11468.842 | V75: 11468.843 | W75: =IF(V75="","",(V75-U75)*Summary!$C$7*1000) -> 0.023597867 | X75: =U75*Summary!$C$7 -> 22353.194
A76: 24 | B76: Coivrel | C76: Arvillers – Sourdon | D76: 50 | E76: 13 | F76: 13.86 | G76: 0.27 | H76: 9.885651 | I76: =H76 -> 9.885651 | J76: =10+LOG10(SIN(RADIANS(D76+E76/60+F76/3600))) -> 9.885651 | K76: =(I76-J76)*10000000000 -> -2.3903013 | L76: base | M76: 18 | O76: =O56 -> 3.9741773 | Q76: 0 | R76: =I76-COS(RADIANS(D76+E76/60+F76/3600))/SIN(RADIANS(D76+E76/60+F76/3600))*RADIANS(Q76/3600)/LN(10) -> 9.885651 | S76: =S56 -> 3.9741773 | T76: =T56 -> 3.9741773
A77: 25 | B77: Sourdon | C77: Coivrel – Noyers | D77: 62 | E77: 33 | F77: 21.29 | G77: 0.33 | H77: 9.9481493 | I77: =H77 -> 9.9481493 | J77: =10+LOG10(SIN(RADIANS(D77+E77/60+F77/3600))) -> 9.9481493 | K77: =(I77-J77)*10000000000 -> -2.0057911 | L77: computed | N77: 4.0376309 | O77: =O79+I77-I79 -> 4.0376309 | P77: =IF(N77="","",(O77-N77)*10000000000) -> -2.0000002 | Q77: 0 | R77: =I77-COS(RADIANS(D77+E77/60+F77/3600))/SIN(RADIANS(D77+E77/60+F77/3600))*RADIANS(Q77/3600)/LN(10) -> 9.9481493 | S77: =S79+R77-R79 -> 4.0376309 | T77: =T79+J77-J79 -> 4.0376309 | U77: =Summary!$C$6*ASIN(10^O77/Summary!$C$6) -> 10905.153 | V77: 10905.153 | W77: =IF(V77="","",(V77-U77)*Summary!$C$7*1000) -> 0.035277228 | X77: =U77*Summary!$C$7 -> 21254.541 | Y77: =(D77+D78+D79-180)*3600+(E77+E78+E79)*60+F77+F78+F79-(G77+G78+G79) -> 0
A78: 25 | B78: Coivrel | C78: Sourdon – Noyers | D78: 57 | E78: 10 | F78: 38.82 | G78: 0.3 | H78: 9.9244619 | I78: =H78 -> 9.9244619 | J78: =10+LOG10(SIN(RADIANS(D78+E78/60+F78/3600))) -> 9.9244619 | K78: =(I78-J78)*10000000000 -> -1.5454127 | L78: computed | N78: 4.0139436 | O78: =O79+I78-I79 -> 4.0139436 | P78: =IF(N78="","",(O78-N78)*10000000000) -> -2.000009 | Q78: 0 | R78: =I78-COS(RADIANS(D78+E78/60+F78/3600))/SIN(RADIANS(D78+E78/60+F78/3600))*RADIANS(Q78/3600)/LN(10) -> 9.9244619 | S78: =S79+R78-R79 -> 4.0139436 | T78: =T79+J78-J79 -> 4.0139436 | U78: =Summary!$C$6*ASIN(10^O78/Summary!$C$6) -> 10326.29 | V78: 10326.29 | W78: =IF(V78="","",(V78-U78)*Summary!$C$7*1000) -> 0.018703491 | X78: =U78*Summary!$C$7 -> 20126.316
A79: 25 | B79: Noyers | C79: Sourdon – Coivrel | D79: 60 | E79: 16 | F79: 0.83 | G79: 0.31 | H79: 9.9386924 | I79: =H79 -> 9.9386924 | J79: =10+LOG10(SIN(RADIANS(D79+E79/60+F79/3600))) -> 9.9386924 | K79: =(I79-J79)*10000000000 -> -0.5075762 | L79: base | M79: 24 | O79: =O74 -> 4.028174 | Q79: 0 | R79: =I79-COS(RADIANS(D79+E79/60+F79/3600))/SIN(RADIANS(D79+E79/60+F79/3600))*RADIANS(Q79/3600)/LN(10) -> 9.9386924 | S79: =S74 -> 4.028174 | T79: =T74 -> 4.028174
A80: 26 | B80: Coivrel | C80: Noyers – Clermont | D80: 62 | E80: 21 | F80: 38.68 | G80: 0.35 | H80: 9.9473778 | I80: =H80 -> 9.9473778 | J80: =10+LOG10(SIN(RADIANS(D80+E80/60+F80/3600))) -> 9.9473778 | K80: =(I80-J80)*10000000000 -> -2.1908697 | L80: computed | N80: 4.058088 | O80: =O82+I80-I82 -> 4.058088 | P80: =IF(N80="","",(O80-N80)*10000000000) -> -3.000018 | Q80: 0 | R80: =I80-COS(RADIANS(D80+E80/60+F80/3600))/SIN(RADIANS(D80+E80/60+F80/3600))*RADIANS(Q80/3600)/LN(10) -> 9.9473778 | S80: =S82+R80-R82 -> 4.058088 | T80: =T82+J80-J82 -> 4.058088 | U80: =Summary!$C$6*ASIN(10^O80/Summary!$C$6) -> 11431.123 | V80: 11431.123 | W80: =IF(V80="","",(V80-U80)*Summary!$C$7*1000) -> 0.059998182 | X80: =U80*Summary!$C$7 -> 22279.677 | Y80: =(D80+D81+D82-180)*3600+(E80+E81+E82)*60+F80+F81+F82-(G80+G81+G82) -> 0
A81: 26 | B81: Noyers | C81: Coivrel – Clermont | D81: 59 | E81: 57 | F81: 15.31 | G81: 0.34 | H81: 9.9373302 | I81: =H81 -> 9.9373302 | J81: =10+LOG10(SIN(RADIANS(D81+E81/60+F81/3600))) -> 9.9373302 | K81: =(I81-J81)*10000000000 -> -1.7526247 | L81: computed | N81: 4.0480404 | O81: =O82+I81-I82 -> 4.0480404 | P81: =IF(N81="","",(O81-N81)*10000000000) -> -3.0000091 | Q81: 0 | R81: =I81-COS(RADIANS(D81+E81/60+F81/3600))/SIN(RADIANS(D81+E81/60+F81/3600))*RADIANS(Q81/3600)/LN(10) -> 9.9373302 | S81: =S82+R81-R82 -> 4.0480404 | T81: =T82+J81-J82 -> 4.0480404 | U81: =Summary!$C$6*ASIN(10^O81/Summary!$C$6) -> 11169.694 | V81: 11169.694 | W81: =IF(V81="","",(V81-U81)*Summary!$C$7*1000) -> 0.080917712 | X81: =U81*Summary!$C$7 -> 21770.143
A82: 26 | B82: Clermont | C82: Coivrel – Noyers | D82: 57 | E82: 41 | F82: 7.04 | G82: 0.34 | H82: 9.9269207 | I82: =H82 -> 9.9269207 | J82: =10+LOG10(SIN(RADIANS(D82+E82/60+F82/3600))) -> 9.9269207 | K82: =(I82-J82)*10000000000 -> -1.2212098 | L82: base | M82: 25 | O82: =O77 -> 4.0376309 | Q82: 0 | R82: =I82-COS(RADIANS(D82+E82/60+F82/3600))/SIN(RADIANS(D82+E82/60+F82/3600))*RADIANS(Q82/3600)/LN(10) -> 9.9269207 | S82: =S77 -> 4.0376309 | T82: =T77 -> 4.0376309
A83: 27 | B83: Coivrel | C83: Clermont – Jonquières | D83: 62 | E83: 59 | F83: 9.47 | G83: 0.37 | H83: 9.9498267 | I83: =H83 -> 9.9498267 | J83: =10+LOG10(SIN(RADIANS(D83+E83/60+F83/3600))) -> 9.9498267 | K83: =(I83-J83)*10000000000 -> -1.8301627 | L83: computed | N83: 4.0672249 | O83: =O85+I83-I85 -> 4.0672249 | P83: =IF(N83="","",(O83-N83)*10000000000) -> -3.000018 | Q83: 0 | R83: =I83-COS(RADIANS(D83+E83/60+F83/3600))/SIN(RADIANS(D83+E83/60+F83/3600))*RADIANS(Q83/3600)/LN(10) -> 9.9498267 | S83: =S85+R83-R85 -> 4.0672249 | T83: =T85+J83-J85 -> 4.0672249 | U83: =Summary!$C$6*ASIN(10^O83/Summary!$C$6) -> 11674.164 | V83: 11674.164 | W83: =IF(V83="","",(V83-U83)*Summary!$C$7*1000) -> -0.042170959 | X83: =U83*Summary!$C$7 -> 22753.373 | Y83: =(D83+D84+D85-180)*3600+(E83+E84+E85)*60+F83+F84+F85-(G83+G84+G85) -> 0
A84: 27 | B84: Clermont | C84: Coivrel – Jonquières | D84: 58 | E84: 32 | F84: 27.3 | G84: 0.35 | H84: 9.9309557 | I84: =H84 -> 9.9309557 | J84: =10+LOG10(SIN(RADIANS(D84+E84/60+F84/3600))) -> 9.9309557 | K84: =(I84-J84)*10000000000 -> -0.77291062 | L84: computed | N84: 4.0483539 | O84: =O85+I84-I85 -> 4.0483539 | P84: =IF(N84="","",(O84-N84)*10000000000) -> -3.000018 | Q84: 0 | R84: =I84-COS(RADIANS(D84+E84/60+F84/3600))/SIN(RADIANS(D84+E84/60+F84/3600))*RADIANS(Q84/3600)/LN(10) -> 9.9309557 | S84: =S85+R84-R85 -> 4.0483539 | T84: =T85+J84-J85 -> 4.0483539 | U84: =Summary!$C$6*ASIN(10^O84/Summary!$C$6) -> 11177.759 | V84: 11177.759 | W84: =IF(V84="","",(V84-U84)*Summary!$C$7*1000) -> -0.016365473 | X84: =U84*Summary!$C$7 -> 21785.862
A85: 27 | B85: Jonquières | C85: Coivrel – Clermont | D85: 58 | E85: 28 | F85: 24.29 | G85: 0.34 | H85: 9.9306422 | I85: =H85 -> 9.9306422 | J85: =10+LOG10(SIN(RADIANS(D85+E85/60+F85/3600))) -> 9.9306422 | K85: =(I85-J85)*10000000000 -> -1.4479085 | L85: base | M85: 26 | O85: =O81 -> 4.0480404 | Q85: 0 | R85: =I85-COS(RADIANS(D85+E85/60+F85/3600))/SIN(RADIANS(D85+E85/60+F85/3600))*RADIANS(Q85/3600)/LN(10) -> 9.9306422 | S85: =S81 -> 4.0480404 | T85: =T81 -> 4.0480404
A86: 28 | B86: Clermont | C86: Jonquières – Saint-Christophe | D86: 49 | E86: 18 | F86: 58.93 | G86: 0.25 | H86: 9.8798529 | I86: =H86 -> 9.8798529 | J86: =10+LOG10(SIN(RADIANS(D86+E86/60+F86/3600))) -> 9.8798529 | K86: =(I86-J86)*10000000000 -> -0.3925571 | L86: computed | N86: 3.95734 | O86: =O88+I86-I88 -> 3.95734 | P86: =IF(N86="","",(O86-N86)*10000000000) -> -3.0000136 | Q86: 0 | R86: =I86-COS(RADIANS(D86+E86/60+F86/3600))/SIN(RADIANS(D86+E86/60+F86/3600))*RADIANS(Q86/3600)/LN(10) -> 9.8798529 | S86: =S88+R86-R88 -> 3.95734 | T86: =T88+J86-J88 -> 3.95734 | U86: =Summary!$C$6*ASIN(10^O86/Summary!$C$6) -> 9064.4308 | V86: 9064.4308 | W86: =IF(V86="","",(V86-U86)*Summary!$C$7*1000) -> 0.069399061 | X86: =U86*Summary!$C$7 -> 17666.907 | Y86: =(D86+D87+D88-180)*3600+(E86+E87+E88)*60+F86+F87+F88-(G86+G87+G88) -> 3.3306691e-15
A87: 28 | B87: Jonquières | C87: Clermont – Saint-Christophe | D87: 53 | E87: 5 | F87: 25.91 | G87: 0.26 | H87: 9.9028649 | I87: =H87 -> 9.9028649 | J87: =10+LOG10(SIN(RADIANS(D87+E87/60+F87/3600))) -> 9.9028649 | K87: =(I87-J87)*10000000000 -> -1.1430323 | L87: computed | N87: 3.980352 | O87: =O88+I87-I88 -> 3.980352 | P87: =IF(N87="","",(O87-N87)*10000000000) -> -3.0000136 | Q87: 0 | R87: =I87-COS(RADIANS(D87+E87/60+F87/3600))/SIN(RADIANS(D87+E87/60+F87/3600))*RADIANS(Q87/3600)/LN(10) -> 9.9028649 | S87: =S88+R87-R88 -> 3.980352 | T87: =T88+J87-J88 -> 3.980352 | U87: =Summary!$C$6*ASIN(10^O87/Summary!$C$6) -> 9557.6826 | V87: 9557.6826 | W87: =IF(V87="","",(V87-U87)*Summary!$C$7*1000) -> 0.089718238 | X87: =U87*Summary!$C$7 -> 18628.273
A88: 28 | B88: Saint-Christophe | C88: Clermont – Jonquières | D88: 77 | E88: 35 | F88: 36 | G88: 0.33 | H88: 9.9897377 | I88: =H88 -> 9.9897377 | J88: =10+LOG10(SIN(RADIANS(D88+E88/60+F88/3600))) -> 9.9897377 | K88: =(I88-J88)*10000000000 -> -2.0474822 | L88: base | M88: 27 | O88: =O83 -> 4.0672249 | Q88: 0 | R88: =I88-COS(RADIANS(D88+E88/60+F88/3600))/SIN(RADIANS(D88+E88/60+F88/3600))*RADIANS(Q88/3600)/LN(10) -> 9.9897377 | S88: =S83 -> 4.0672249 | T88: =T83 -> 4.0672249
A89: 29 | B89: Coivrel | C89: Clermont – Saint-Christophe | D89: 32 | E89: 49 | F89: 39.79 | G89: 0.13 | H89: 9.7340913 | I89: =H89 -> 9.7340913 | J89: =10+LOG10(SIN(RADIANS(D89+E89/60+F89/3600))) -> 9.7340913 | K89: =(I89-J89)*10000000000 -> -0.2302869 | L89: computed | N89: 3.9803258 | O89: =O91+I89-I91 -> 3.9803258 | P89: =IF(N89="","",(O89-N89)*10000000000) -> -3.0000047 | Q89: 0 | R89: =I89-COS(RADIANS(D89+E89/60+F89/3600))/SIN(RADIANS(D89+E89/60+F89/3600))*RADIANS(Q89/3600)/LN(10) -> 9.7340913 | S89: =S91+R89-R91 -> 3.9803258 | T89: =T91+J89-J91 -> 3.9803258 | U89: =Summary!$C$6*ASIN(10^O89/Summary!$C$6) -> 9557.106 | V89: 9557.106 | W89: =IF(V89="","",(V89-U89)*Summary!$C$7*1000) -> -0.026971435 | X89: =U89*Summary!$C$7 -> 18627.149 | Y89: =(D89+D90+D91-180)*3600+(E89+E90+E91)*60+F89+F90+F91-(G89+G90+G91) -> -1.2212453e-14
A90: 29 | B90: Clermont | C90: Coivrel – Saint-Christophe | D90: 107 | E90: 51 | F90: 26.38 | G90: 0.74 | H90: 9.9785562 | I90: =H90 -> 9.9785562 | J90: =10+LOG10(SIN(RADIANS(D90+E90/60+F90/3600))) -> 9.9785562 | K90: =(I90-J90)*10000000000 -> -1.4008172 | L90: computed | N90: 4.2247907 | O90: =O91+I90-I91 -> 4.2247907 | P90: =IF(N90="","",(O90-N90)*10000000000) -> -3.0000091 | Q90: 0 | R90: =I90-COS(RADIANS(D90+E90/60+F90/3600))/SIN(RADIANS(D90+E90/60+F90/3600))*RADIANS(Q90/3600)/LN(10) -> 9.9785562 | S90: =S91+R90-R91 -> 4.2247907 | T90: =T91+J90-J91 -> 4.2247907 | U90: =Summary!$C$6*ASIN(10^O90/Summary!$C$6) -> 16780.026 | V90: 16780.026 | W90: =IF(V90="","",(V90-U90)*Summary!$C$7*1000) -> -0.017237533 | X90: =U90*Summary!$C$7 -> 32704.885
A91: 29 | B91: Saint-Christophe | C91: Coivrel – Clermont | D91: 39 | E91: 18 | F91: 54.82 | G91: 0.12 | H91: 9.8018059 | I91: =H91 -> 9.8018059 | J91: =10+LOG10(SIN(RADIANS(D91+E91/60+F91/3600))) -> 9.8018059 | K91: =(I91-J91)*10000000000 -> -3.6440184 | L91: base | M91: 26 | O91: =O81 -> 4.0480404 | Q91: 0 | R91: =I91-COS(RADIANS(D91+E91/60+F91/3600))/SIN(RADIANS(D91+E91/60+F91/3600))*RADIANS(Q91/3600)/LN(10) -> 9.8018059 | S91: =S81 -> 4.0480404 | T91: =T81 -> 4.0480404
A92: 30 | B92: Clermont | C92: Saint-Christophe – Saint-Martin | D92: 54 | E92: 39 | F92: 57.66 | G92: 0.33 | H92: 9.9115809 | I92: =H92 -> 9.9115809 | J92: =10+LOG10(SIN(RADIANS(D92+E92/60+F92/3600))) -> 9.9115809 | K92: =(I92-J92)*10000000000 -> -1.3198687 | L92: computed | N92: 4.1064038 | O92: =O94+I92-I94 -> 4.1064038 | P92: =IF(N92="","",(O92-N92)*10000000000) -> -3.0000269 | Q92: 0 | R92: =I92-COS(RADIANS(D92+E92/60+F92/3600))/SIN(RADIANS(D92+E92/60+F92/3600))*RADIANS(Q92/3600)/LN(10) -> 9.9115809 | S92: =S94+R92-R94 -> 4.1064038 | T92: =T94+J92-J94 -> 4.1064038 | U92: =Summary!$C$6*ASIN(10^O92/Summary!$C$6) -> 12776.295 | V92: 12776.295 | W92: =IF(V92="","",(V92-U92)*Summary!$C$7*1000) -> 0.10650515 | X92: =U92*Summary!$C$7 -> 24901.467 | Y92: =(D92+D93+D94-180)*3600+(E92+E93+E94)*60+F92+F93+F94-(G92+G93+G94) -> 0
A93: 30 | B93: Saint-Christophe | C93: Clermont – Saint-Martin | D93: 87 | E93: 43 | F93: 28.46 | G93: 0.56 | H93: 9.9996574 | I93: =H93 -> 9.9996574 | J93: =10+LOG10(SIN(RADIANS(D93+E93/60+F93/3600))) -> 9.9996574 | K93: =(I93-J93)*10000000000 -> -0.78541618 | L93: computed | N93: 4.1944804 | O93: =O94+I93-I94 -> 4.1944804 | P93: =IF(N93="","",(O93-N93)*10000000000) -> -3.0000269 | Q93: 0 | R93: =I93-COS(RADIANS(D93+E93/60+F93/3600))/SIN(RADIANS(D93+E93/60+F93/3600))*RADIANS(Q93/3600)/LN(10) -> 9.9996574 | S93: =S94+R93-R94 -> 4.1944804 | T93: =T94+J93-J94 -> 4.1944804 | U93: =Summary!$C$6*ASIN(10^O93/Summary!$C$6) -> 15648.836 | V93: 15648.836 | W93: =IF(V93="","",(V93-U93)*Summary!$C$7*1000) -> 0.041168248 | X93: =U93*Summary!$C$7 -> 30500.154
A94: 30 | B94: Saint-Martin | C94: Clermont – Saint-Christophe | D94: 37 | E94: 36 | F94: 35.07 | G94: 0.3 | H94: 9.785529 | I94: =H94 -> 9.785529 | J94: =10+LOG10(SIN(RADIANS(D94+E94/60+F94/3600))) -> 9.785529 | K94: =(I94-J94)*10000000000 -> -3.939995 | L94: base | M94: 28 | O94: =O87 -> 3.980352 | Q94: 0 | R94: =I94-COS(RADIANS(D94+E94/60+F94/3600))/SIN(RADIANS(D94+E94/60+F94/3600))*RADIANS(Q94/3600)/LN(10) -> 9.785529 | S94: =S87 -> 3.980352 | T94: =T87 -> 3.980352
A95: 31 | B95: Saint-Christophe | C95: Saint-Martin – Dammartin | D95: 62 | E95: 36 | F95: 58.37 | G95: 0.45 | H95: 9.9483863 | I95: =H95 -> 9.9483863 | J95: =10+LOG10(SIN(RADIANS(D95+E95/60+F95/3600))) -> 9.9483863 | K95: =(I95-J95)*10000000000 -> -1.413234 | L95: computed | N95: 4.1127681 | O95: =O97+I95-I97 -> 4.1127681 | P95: =IF(N95="","",(O95-N95)*10000000000) -> -2.0000268 | Q95: 0 | R95: =I95-COS(RADIANS(D95+E95/60+F95/3600))/SIN(RADIANS(D95+E95/60+F95/3600))*RADIANS(Q95/3600)/LN(10) -> 9.9483863 | S95: =S97+R95-R97 -> 4.1127681 | T95: =T97+J95-J97 -> 4.1127681 | U95: =Summary!$C$6*ASIN(10^O95/Summary!$C$6) -> 12964.902 | V95: 12964.902 | W95: =IF(V95="","",(V95-U95)*Summary!$C$7*1000) -> 0.016251943 | X95: =U95*Summary!$C$7 -> 25269.068 | Y95: =(D95+D96+D97-180)*3600+(E95+E96+E97)*60+F95+F96+F97-(G95+G96+G97) -> 0
A96: 31 | B96: Saint-Martin | C96: Saint-Christophe – Dammartin | D96: 56 | E96: 20 | F96: 9 | G96: 0.43 | H96: 9.9202804 | I96: =H96 -> 9.9202804 | J96: =10+LOG10(SIN(RADIANS(D96+E96/60+F96/3600))) -> 9.9202804 | K96: =(I96-J96)*10000000000 -> -1.8941293 | L96: computed | N96: 4.0846621 | O96: =O97+I96-I97 -> 4.0846621 | P96: =IF(N96="","",(O96-N96)*10000000000) -> -3.0000269 | Q96: 0 | R96: =I96-COS(RADIANS(D96+E96/60+F96/3600))/SIN(RADIANS(D96+E96/60+F96/3600))*RADIANS(Q96/3600)/LN(10) -> 9.9202804 | S96: =S97+R96-R97 -> 4.0846621 | T96: =T97+J96-J97 -> 4.0846621 | U96: =Summary!$C$6*ASIN(10^O96/Summary!$C$6) -> 12152.43 | V96: 12152.43 | W96: =IF(V96="","",(V96-U96)*Summary!$C$7*1000) -> -0.53308251 | X96: =U96*Summary!$C$7 -> 23685.531
A97: 31 | B97: Dammartin | C97: Saint-Christophe – Saint-Martin | D97: 61 | E97: 2 | F97: 53.96 | G97: 0.45 | H97: 9.9420221 | I97: =H97 -> 9.9420221 | J97: =10+LOG10(SIN(RADIANS(D97+E97/60+F97/3600))) -> 9.9420221 | K97: =(I97-J97)*10000000000 -> -2.5117863 | L97: base | M97: 30 | O97: =O92 -> 4.1064038 | Q97: 0 | R97: =I97-COS(RADIANS(D97+E97/60+F97/3600))/SIN(RADIANS(D97+E97/60+F97/3600))*RADIANS(Q97/3600)/LN(10) -> 9.9420221 | S97: =S92 -> 4.1064038 | T97: =T92 -> 4.1064038
A98: 32 | B98: Clermont | C98: Dammartin – Saint-Martin | D98: 38 | E98: 1 | F98: 22.43 | G98: 0.43 | H98: 9.789564 | I98: =H98 -> 9.789564 | J98: =10+LOG10(SIN(RADIANS(D98+E98/60+F98/3600))) -> 9.789564 | K98: =(I98-J98)*10000000000 -> -2.7218583 | L98: computed | N98: 4.1127546 | O98: =O99+I98-I99 -> 4.1127546 | P98: =IF(N98="","",(O98-N98)*10000000000) -> -3.0000358 | Q98: 0 | R98: =I98-COS(RADIANS(D98+E98/60+F98/3600))/SIN(RADIANS(D98+E98/60+F98/3600))*RADIANS(Q98/3600)/LN(10) -> 9.789564 | S98: =S99+R98-R99 -> 4.1127546 | T98: =T99+J98-J99 -> 4.1127546 | U98: =Summary!$C$6*ASIN(10^O98/Summary!$C$6) -> 12964.5 | V98: 12964.5 | W98: =IF(V98="","",(V98-U98)*Summary!$C$7*1000) -> -0.022563461 | X98: =U98*Summary!$C$7 -> 25268.285 | Y98: =(D98+D99+D100-180)*3600+(E98+E99+E100)*60+F98+F99+F100-(G98+G99+G100) -> 0
A99: 32 | B99: Dammartin | C99: Clermont – Saint-Martin | D99: 48 | E99: 1 | F99: 54.16 | G99: 0.48 | H99: 9.8712898 | I99: =H99 -> 9.8712898 | J99: =10+LOG10(SIN(RADIANS(D99+E99/60+F99/3600))) -> 9.8712898 | K99: =(I99-J99)*10000000000 -> -3.0886582 | L99: base | M99: 30 | O99: =O93 -> 4.1944804 | Q99: 0 | R99: =I99-COS(RADIANS(D99+E99/60+F99/3600))/SIN(RADIANS(D99+E99/60+F99/3600))*RADIANS(Q99/3600)/LN(10) -> 9.8712898 | S99: =S93 -> 4.1944804 | T99: =T93 -> 4.1944804
A100: 32 | B100: Saint-Martin | C100: Clermont – Dammartin | D100: 93 | E100: 56 | F100: 45.33 | G100: 1.01 | H100: 9.9989693 | I100: =H100 -> 9.9989693 | J100: =10+LOG10(SIN(RADIANS(D100+E100/60+F100/3600))) -> 9.9989693 | K100: =(I100-J100)*10000000000 -> -3.9563908 | L100: computed | N100: 4.3221599 | O100: =O99+I100-I99 -> 4.3221599 | P100: =IF(N100="","",(O100-N100)*10000000000) -> -4.0000181 | Q100: 0 | R100: =I100-COS(RADIANS(D100+E100/60+F100/3600))/SIN(RADIANS(D100+E100/60+F100/3600))*RADIANS(Q100/3600)/LN(10) -> 9.9989693 | S100: =S99+R100-R99 -> 4.3221599 | T100: =T99+J100-J99 -> 4.3221599 | U100: =Summary!$C$6*ASIN(10^O100/Summary!$C$6) -> 20997.271 | V100: 20997.271 | W100: =IF(V100="","",(V100-U100)*Summary!$C$7*1000) -> 0.048258699 | X100: =U100*Summary!$C$7 -> 40924.45
A101: 33 | B101: Clermont | C101: Jonquières – Dammartin | D101: 65 | E101: 57 | F101: 33.31 | G101: 0.67 | H101: 9.9605925 | I101: =H101 -> 9.9605925 | J101: =10+LOG10(SIN(RADIANS(D101+E101/60+F101/3600))) -> 9.9605925 | K101: =(I101-J101)*10000000000 -> -1.1020873 | L101: computed | N101: 4.28843 | O101: =O103+I101-I103 -> 4.28843 | P101: =IF(N101="","",(O101-N101)*10000000000) -> -3.000018 | Q101: 0 | R101: =I101-COS(RADIANS(D101+E101/60+F101/3600))/SIN(RADIANS(D101+E101/60+F101/3600))*RADIANS(Q101/3600)/LN(10) -> 9.9605925 | S101: =S103+R101-R103 -> 4.28843 | T101: =T103+J101-J103 -> 4.28843 | U101: =Summary!$C$6*ASIN(10^O101/Summary!$C$6) -> 19428.198 | V101: 19428.198 | W101: =IF(V101="","",(V101-U101)*Summary!$C$7*1000) -> -0.01294516 | X101: =U101*Summary!$C$7 -> 37866.268 | Y101: =(D101+D102+D103-180)*3600+(E101+E102+E103)*60+F101+F102+F103-(G101+G102+G103) -> 0
...

Sheet Source notes
A1: Triangle | B1: Station | C1: Column | D1: Discrepancy in the printed source
A2: 34 | B2: Dammartin | C2: arc | D2: Printed 21667.4530; its own log 4.33580.78830 gives 21667.4540 (1 mm slip in source)
A3: 38 | B3: Bellassise | C3: arc | D3: Left log-sine 4.12404.14756 and right log 4.12404.27126 differ by 1.237e-6; arc-sine correction should be 1.201e-6 (≈1 mm inconsistency in source; printed arc follows the right-hand log)
A4: 40 | B4: Brie | C4: logsinSide | D4: Printed 3.96319.10176 is 1.0e-6 too large for the triangle (Montlhéri side and the base from triangle 39 agree); Brie–Tour de Croy is a side branch, not on the main chain
A5: 41 | B5: Montlhéri | C5: arc | D5: Printed arc 12374.2130 (log 4.09251.75892) is 5 mm longer than the left-page log-sine 4.09251.63762 implies (12374.2081); chain uses log-sines
A6: 44 | B6: Malvoisine | C6: arc | D6: Montlhéri–Torfou printed 6212.1595 (chord 6212.1579), but both its logs (3.79323.29524 / .32141) and its reuse as base of triangle 46 give 6212.0253: misprint of 0.134 toise (26 cm) in the arc and chord columns only
A7: 50 | B7: Bromeille | C7: logsinA | D7: Printed log-sine 9.95884.42207 corresponds to 114°33′6.0″, printed angle is 114°33′4.0″ (secondary point; log is the one consistent with the chain)
A8: 51 | B8: Méréville | C8: logsinA | D8: Printed log-sine 9.99969.66886 corresponds to 92°8′28″ vs printed 92°8′22″ (secondary point, near 90° so effect on sides is 4e-8 in log)
A9: 52 | B9: Pithiviers | C9: logsinA | D9: Printed log-sine 9.99975.66805 corresponds to 91°55′3.92″ vs printed 91°55′6.18″; sides follow the log
A10: 53 | B10: Châtillon | C10: logsinA | D10: Printed log-sine 9.99794.75018 corresponds to 95°33′57.67″ vs printed 95°33′52.13″ (seconds digit partly illegible, value fixed by the angle sum); sides follow the log
A11: 54 | B11: Châtillon | C11: logsinA | D11: Printed log-sine 9.99940.30128 corresponds to 93°0′12.62″ vs printed angle 93°0′17.48″; sides follow the log
A12: 55 | B12: Châtillon | C12: arc | D12: Châteauneuf–Orléans printed arc 12053.9075 (right log 4.08112.78539) is 1.7 cm shorter than the left-page log-sine implies (12053.9241); chain (triangle 56) follows the left page
A13: 56 | B13: Orléans | C13: arc | D13: Printed arc 13880.6212 vs its log 4.14240.88018 = 13880.6180 (3 mm)
... A33: 43 | B33: Malvoisine | C33: metres | D33: Lieursaint–Melun (the Melun base) printed 11832.4063 m; 6075.9001 t × 1.949037 = 11842.152 m. Misprint of 9.7 m in the metres column (the other row converts correctly)
A35: How the transcription was checked
A36: Every number was read from the e-rara scan (ETH-Bibliothek Zürich, Rar 10260). Each row was tested against: (1) log sin of the printed angle; (2) the sine rule within the triangle; (3) the base side carried from an earlier triangle; (4) the printed arc against its logarithm; (5) the angle sum against the excess. Values that failed were re-read; the entries above are the ones that still fail and were confirmed as printed.
A37: The left-page logarithms are authoritative: Delambre states that all calculations were made on the logarithms and that the toise and metre columns are “pour la curiosité du lecteur” (p. 703). Most arc misprints fall in triangles 44–100, the triangles whose angles he adjusted, which suggests the toise columns were not all recomputed afterwards.
A38: Signal heights and the “distance vraie” column were not transcribed. Triangles 67–68 (Bourges tower ties) are printed without logarithms. The 13 secondary triangles on pp. 840–844 are not included.
